Player_Name,Kaggle_Match_Name,Player_Type,IPL_Team_2025,DEBUT,Total_Innings,Total_Runs,Total_Balls_Faced,Total_Minutes,Dismissals,Times_Not_Out,Batting_Average,Strike_Rate,Avg_Runs_Per_Innings,Avg_Balls_Per_Innings,Avg_Minutes_Per_Innings,Count_30_Plus,Count_50_Plus,Count_70_Plus,Highest_Score,Most_Fours_Innings,Most_Sixes_Innings,Total_Fours,Total_Sixes,Total_Boundaries,Boundary_Runs,Boundary_Percentage,Boundary_Frequency,Fours_Per_Innings,Sixes_Per_Innings,Four_to_Six_Ratio,Balls_Per_Four,Balls_Per_Six,Balls_Per_Boundary,Non_Boundary_Runs,Non_Boundary_Balls,Rotation_Strike_Rate,Estimated_Dot_Balls,Dot_Ball_Percentage,Runs_Std_Deviation,Runs_CV,Percentage_30_Plus,Percentage_50_Plus,Percentage_70_Plus,Conversion_30_to_50,Conversion_50_to_70,Percentage_Single_Digit,Percentage_Duck,Powerplay_Runs,Powerplay_Balls,Powerplay_SR,Powerplay_Contribution,Death_Overs_Runs,Death_Overs_Balls,Death_Overs_SR,Death_Overs_Contribution,Impact_Score
Deepak Hooda,Deepak Hooda,All-Rounder,CSK,NO,44.0,829.0,637.0,1134.0,41.0,3.0,20.21951219512195,130.14128728414443,18.84090909090909,14.477272727272727,25.772727272727273,9.0,6.0,0.0,64.0,7.0,6.0,63.0,32.0,95.0,444.0,53.55850422195416,14.913657770800627,1.4318181818181819,0.7272727272727273,1.96875,10.11111111111111,19.90625,6.705263157894737,385.0,542.0,71.03321033210332,114.0,17.931275074132216,18.00251039576655,95.55,20.454545454545453,13.636363636363637,0.0,66.66666666666667,0.0,34.09090909090909,2.4390243902439024,30.0,37.0,81.08108108108108,3.6188178528347406,136.0,91.0,149.45054945054946,16.405307599517492,11.524306764663907
Devon Conway,Devon Conway,Batter,CSK,NO,22.0,924.0,654.0,1181.0,19.0,3.0,48.63157894736842,141.28440366972478,42.0,29.727272727272727,53.68181818181818,14.0,9.0,6.0,92.0,16.0,6.0,99.0,30.0,129.0,576.0,62.33766233766234,19.724770642201836,4.5,1.3636363636363635,3.3,6.606060606060606,21.8,5.069767441860465,348.0,525.0,66.28571428571429,138.0,21.15188583078492,33.03533461815293,78.66,63.63636363636363,40.90909090909091,27.272727272727273,64.28571428571429,66.66666666666667,27.272727272727273,10.526315789473685,27.0,57.0,47.36842105263158,2.9220779220779223,218.0,143.0,152.44755244755245,23.593073593073594,14.8348623853211
Dewald Brevis,Dewald Brevis,Batter,CSK,NO,9.0,207.0,152.0,226.0,9.0,0.0,23.0,136.18421052631578,23.0,16.88888888888889,25.11111111111111,4.0,0.0,0.0,49.0,6.0,5.0,16.0,14.0,30.0,148.0,71.4975845410628,19.736842105263158,1.7777777777777777,1.5555555555555556,1.1428571428571428,9.5,10.857142857142858,5.066666666666666,59.0,122.0,48.36065573770492,56.0,37.134502923976605,19.4164878389476,84.42,44.44444444444444,0.0,0.0,0.0,0.0,44.44444444444444,11.11111111111111,35.0,21.0,166.66666666666666,16.908212560386474,0.0,0.0,0.0,0.0,2.819013157894737
Kamlesh Nagarkoti,Kamlesh Nagarkoti,All-Rounder,CSK,NO,1.0,0.0,2.0,8.0,1.0,0.0,0.0,0.0,0.0,2.0,8.0,0.0,0.0,0.0,0.0,0.0,0.0,0.0,0.0,0.0,0.0,0.0,0.0,0.0,0.0,0.0,0.0,0.0,0.0,0.0,2.0,0.0,2.0,100.0,0.0,0.0,0.0,0.0,0.0,0.0,0.0,100.0,100.0,0.0,0.0,0.0,0.0,0.0,2.0,0.0,0.0,0.0
MS Dhoni,MS Dhoni,WK-Batter,CSK,NO,46.0,586.0,412.0,727.0,20.0,26.0,29.3,142.23300970873785,12.73913043478261,8.956521739130435,15.804347826086957,4.0,1.0,0.0,50.0,7.0,3.0,47.0,35.0,82.0,398.0,67.91808873720136,19.902912621359224,1.0217391304347827,0.7608695652173914,1.3428571428571427,8.76595744680851,11.771428571428572,5.024390243902439,188.0,330.0,56.96969696969697,121.0,29.395900755124057,11.984127989615997,94.07,8.695652173913043,2.1739130434782608,0.0,25.0,0.0,45.65217391304348,20.0,3.0,5.0,60.0,0.5119453924914675,182.0,172.0,105.81395348837209,31.0580204778157,13.04585901224145
Rachin Ravindra,Rachin Ravindra,All-Rounder,CSK,NO,8.0,134.0,83.0,156.0,8.0,0.0,16.75,161.44578313253012,16.75,10.375,19.5,2.0,0.0,0.0,46.0,6.0,3.0,16.0,7.0,23.0,106.0,79.1044776119403,27.710843373493976,2.0,0.875,2.2857142857142856,5.1875,11.857142857142858,3.608695652173913,28.0,60.0,46.666666666666664,28.0,34.80589022757698,17.136010537545115,102.3,25.0,0.0,0.0,0.0,0.0,37.5,12.5,76.0,52.0,146.15384615384616,56.71641791044776,0.0,0.0,0.0,0.0,2.1633734939759037
Rahul Tripathi,Rahul Tripathi,Batter,CSK,NO,45.0,1114.0,791.0,1307.0,40.0,5.0,27.85,140.83438685208597,24.755555555555556,17.57777777777778,29.044444444444444,15.0,6.0,4.0,76.0,10.0,6.0,111.0,42.0,153.0,696.0,62.47755834829444,19.342604298356513,2.466666666666667,0.9333333333333333,2.642857142857143,7.126126126126126,18.833333333333332,5.169934640522876,418.0,638.0,65.51724137931035,173.0,21.941283888186543,21.496464355748827,86.83,33.333333333333336,13.333333333333334,8.88888888888889,40.0,66.66666666666667,31.11111111111111,7.5,140.0,101.0,138.6138613861386,12.567324955116696,178.0,128.0,139.0625,15.978456014362656,17.43216743924709
Ravichandran Ashwin,Ravichandran Ashwin,All-Rounder,CSK,NO,32.0,359.0,279.0,524.0,20.0,12.0,17.95,128.67383512544802,11.21875,8.71875,16.375,3.0,1.0,0.0,50.0,4.0,3.0,23.0,16.0,39.0,188.0,52.36768802228412,13.978494623655914,0.71875,0.5,1.4375,12.130434782608695,17.4375,7.153846153846154,171.0,240.0,71.25,50.0,17.921146953405017,12.434951716574874,110.84,9.375,3.125,0.0,33.333333333333336,0.0,62.5,10.0,25.0,21.0,119.04761904761905,6.963788300835654,90.0,57.0,157.89473684210526,25.069637883008358,6.3516621863799285
Ravindra Jadeja,Ravindra Jadeja,All-Rounder,CSK,NO,43.0,753.0,546.0,1066.0,22.0,21.0,34.22727272727273,137.9120879120879,17.511627906976745,12.69767441860465,24.790697674418606,5.0,2.0,0.0,62.0,5.0,5.0,55.0,28.0,83.0,388.0,51.527224435590966,15.2014652014652,1.2790697674418605,0.6511627906976745,1.9642857142857142,9.927272727272728,19.5,6.578313253012048,365.0,463.0,78.83369330453564,57.0,10.520960520960523,14.019326953859187,80.06,11.627906976744185,4.651162790697675,0.0,40.0,0.0,32.55813953488372,13.636363636363637,0.0,3.0,0.0,0.0,271.0,202.0,134.15841584158414,35.98937583001328,15.456417071300791
Ruturaj Gaikwad,Ruturaj Gaikwad,Batter,CSK,NO,57.0,2134.0,1528.0,2454.0,52.0,5.0,41.03846153846154,139.65968586387436,37.43859649122807,26.80701754385965,43.05263157894737,32.0,17.0,10.0,108.0,12.0,9.0,200.0,83.0,283.0,1298.0,60.824742268041234,18.520942408376964,3.508771929824561,1.456140350877193,2.4096385542168677,7.64,18.40963855421687,5.3992932862190814,836.0,1245.0,67.14859437751004,316.0,20.687899941826643,30.6553523314676,81.88,56.14035087719298,29.82456140350877,17.54385964912281,53.125,58.8235294117647,22.80701754385965,5.769230769230769,184.0,200.0,92.0,8.622305529522025,494.0,307.0,160.91205211726384,23.14901593252109,32.41770827592542
Sam Curran,Sam Curran,All-Rounder,CSK,NO,27.0,528.0,405.0,712.0,22.0,5.0,24.0,130.37037037037038,19.555555555555557,15.0,26.37037037037037,4.0,2.0,0.0,63.0,6.0,4.0,43.0,18.0,61.0,280.0,53.03030303030303,15.061728395061728,1.5925925925925926,0.6666666666666666,2.388888888888889,9.418604651162791,22.5,6.639344262295082,248.0,344.0,72.09302325581395,68.0,16.899862825788755,16.39731059874743,83.85,14.814814814814815,7.407407407407407,0.0,50.0,0.0,37.03703703703704,4.545454545454546,6.0,7.0,85.71428571428571,1.1363636363636365,268.0,181.0,148.06629834254144,50.75757575757576,8.158288065843621
Shivam Dube,Shivam Dube,All-Rounder,CSK,NO,46.0,1308.0,860.0,1375.0,38.0,8.0,34.421052631578945,152.09302325581396,28.434782608695652,18.695652173913043,29.891304347826086,18.0,9.0,1.0,95.0,10.0,8.0,78.0,88.0,166.0,840.0,64.22018348623853,19.302325581395348,1.6956521739130435,1.9130434782608696,0.8863636363636364,11.025641025641026,9.772727272727273,5.180722891566265,468.0,694.0,67.43515850144092,174.0,20.232558139534884,21.91463455614692,77.07,39.130434782608695,19.565217391304348,2.1739130434782608,50.0,11.11111111111111,23.91304347826087,7.894736842105263,0.0,0.0,0.0,0.0,514.0,305.0,168.52459016393442,39.296636085626915,23.353553083923153
Vijay Shankar,Vijay Shankar,All-Rounder,CSK,NO,26.0,461.0,347.0,531.0,22.0,4.0,20.954545454545453,132.85302593659944,17.73076923076923,13.346153846153847,20.423076923076923,3.0,3.0,0.0,63.0,7.0,5.0,36.0,20.0,56.0,264.0,57.26681127982646,16.138328530259365,1.3846153846153846,0.7692307692307693,1.8,9.63888888888889,17.35,6.196428571428571,197.0,291.0,67.69759450171821,72.0,20.781300032020493,16.278962355894045,91.81,11.538461538461538,11.538461538461538,0.0,100.0,0.0,34.61538461538461,4.545454545454546,12.0,24.0,50.0,2.6030368763557483,109.0,92.0,118.47826086956522,23.644251626898047,7.066759033473731
Abishek Porel,Abishek Porel,WK-Batter,DC,NO,14.0,300.0,200.0,340.0,12.0,2.0,25.0,150.0,21.428571428571427,14.285714285714286,24.285714285714285,5.0,1.0,0.0,65.0,7.0,3.0,32.0,11.0,43.0,194.0,64.66666666666667,21.5,2.2857142857142856,0.7857142857142857,2.909090909090909,6.25,18.181818181818183,4.651162790697675,106.0,157.0,67.51592356687898,39.0,19.611111111111114,19.109861673670306,89.18,35.714285714285715,7.142857142857143,0.0,20.0,0.0,42.857142857142854,8.333333333333334,15.0,12.0,125.0,5.0,8.0,12.0,66.66666666666667,2.6666666666666665,5.142857142857142
Ashutosh Sharma,Ashutosh Sharma,All-Rounder,DC,NO,7.0,170.0,99.0,132.0,6.0,1.0,28.333333333333332,171.7171717171717,24.285714285714285,14.142857142857142,18.857142857142858,4.0,1.0,0.0,61.0,3.0,7.0,9.0,14.0,23.0,120.0,70.58823529411765,23.232323232323232,1.2857142857142858,2.0,0.6428571428571429,11.0,7.071428571428571,4.304347826086956,50.0,76.0,65.78947368421052,20.0,20.650953984287316,21.15588401772492,87.11,57.142857142857146,14.285714285714286,0.0,25.0,0.0,42.857142857142854,0.0,0.0,0.0,0.0,0.0,123.0,61.0,201.63934426229508,72.3529411764706,3.3362193362193358
Axar Patel,Axar Patel,All-Rounder,DC,NO,39.0,669.0,499.0,829.0,26.0,13.0,25.73076923076923,134.0681362725451,17.153846153846153,12.794871794871796,21.256410256410255,6.0,2.0,0.0,66.0,5.0,5.0,47.0,33.0,80.0,386.0,57.69805680119581,16.03206412825651,1.205128205128205,0.8461538461538461,1.4242424242424243,10.617021276595745,15.121212121212121,6.2375,283.0,419.0,67.5417661097852,104.0,20.953017145401912,14.909443248347957,86.92,15.384615384615385,5.128205128205129,0.0,33.333333333333336,0.0,35.8974358974359,7.6923076923076925,0.0,0.0,0.0,0.0,279.0,192.0,145.3125,41.70403587443946,11.958877755511022
Darshan Nalkande,Darshan Nalkande,All-Rounder,DC,NO,2.0,12.0,12.0,13.0,2.0,0.0,6.0,100.0,6.0,6.0,6.5,0.0,0.0,0.0,12.0,0.0,1.0,0.0,1.0,1.0,6.0,50.0,8.333333333333334,0.0,0.5,0.0,0.0,12.0,12.0,6.0,11.0,54.54545454545455,4.0,36.111111111111114,8.48528137423857,141.42,0.0,0.0,0.0,0.0,0.0,50.0,50.0,0.0,0.0,0.0,0.0,0.0,1.0,0.0,0.0,0.12
Donovan Ferreira,Donovan Ferreira,WK-Batter,DC,NO,1.0,1.0,3.0,23.0,1.0,0.0,1.0,33.333333333333336,1.0,3.0,23.0,0.0,0.0,0.0,1.0,0.0,0.0,0.0,0.0,0.0,0.0,0.0,0.0,0.0,0.0,0.0,0.0,0.0,0.0,1.0,3.0,33.333333333333336,1.0,62.96296296296296,0.0,0.0,0.0,0.0,0.0,0.0,0.0,100.0,0.0,0.0,0.0,0.0,0.0,1.0,3.0,33.333333333333336,100.0,0.0033333333333333335
Faf du Plessis,Faf du Plessis,Batter,DC,NO,58.0,2192.0,1511.0,2702.0,54.0,4.0,40.592592592592595,145.06949040370617,37.793103448275865,26.051724137931036,46.58620689655172,31.0,20.0,10.0,96.0,11.0,7.0,210.0,89.0,299.0,1374.0,62.68248175182482,19.788219722038384,3.6206896551724137,1.5344827586206897,2.359550561797753,7.195238095238095,16.97752808988764,5.053511705685619,818.0,1212.0,67.49174917491749,303.0,20.06029855136407,27.950305914711432,73.96,53.44827586206897,34.48275862068966,17.24137931034483,64.51612903225806,50.0,22.413793103448278,7.407407407407407,336.0,222.0,151.35135135135135,15.328467153284672,606.0,418.0,144.97607655502392,27.645985401459853,33.99228279969876
Harry Brook,Harry Brook,Batter ,DC,NO,11.0,190.0,154.0,255.0,9.0,2.0,21.11111111111111,123.37662337662337,17.272727272727273,14.0,23.181818181818183,1.0,1.0,1.0,100.0,12.0,3.0,23.0,4.0,27.0,116.0,61.05263157894737,17.532467532467532,2.090909090909091,0.36363636363636365,5.75,6.695652173913044,38.5,5.703703703703703,74.0,127.0,58.267716535433074,44.0,29.076479076479078,28.719648009997993,166.27,9.090909090909092,9.090909090909092,9.090909090909092,100.0,100.0,54.54545454545455,33.333333333333336,47.0,48.0,97.91666666666667,24.736842105263158,0.0,1.0,0.0,0.0,2.770365997638725
Jake Fraser-McGurk,Jake Fraser-McGurk,Batter ,DC,NO,7.0,309.0,131.0,179.0,7.0,0.0,44.142857142857146,235.87786259541986,44.142857142857146,18.714285714285715,25.571428571428573,4.0,4.0,1.0,84.0,11.0,7.0,30.0,26.0,56.0,276.0,89.32038834951456,42.74809160305343,4.285714285714286,3.7142857142857144,1.1538461538461537,4.366666666666666,5.038461538461538,2.3392857142857144,33.0,75.0,44.0,38.0,29.262086513994912,26.579619833176515,60.21,57.142857142857146,57.142857142857146,14.285714285714286,100.0,25.0,0.0,0.0,105.0,51.0,205.88235294117646,33.980582524271846,0.0,0.0,0.0,0.0,7.288625954198474
KL Rahul,KL Rahul,WK-Batter,DC,NO,49.0,1976.0,1486.0,2716.0,42.0,7.0,47.04761904761905,132.97442799461643,40.326530612244895,30.3265306122449,55.42857142857143,26.0,17.0,10.0,103.0,12.0,8.0,162.0,80.0,242.0,1128.0,57.08502024291498,16.285329744279945,3.306122448979592,1.6326530612244898,2.025,9.17283950617284,18.575,6.140495867768595,848.0,1244.0,68.16720257234726,301.0,20.30806041573202,31.06202649209994,77.03,53.06122448979592,34.69387755102041,20.408163265306122,65.38461538461539,58.8235294117647,18.367346938775512,9.523809523809524,144.0,160.0,90.0,7.287449392712551,740.0,526.0,140.68441064638785,37.449392712550605,30.029425110555668
Karun Nair,Karun Nair,Batter,DC,NO,2.0,16.0,18.0,32.0,2.0,0.0,8.0,88.88888888888889,8.0,9.0,16.0,0.0,0.0,0.0,13.0,1.0,0.0,1.0,0.0,1.0,4.0,25.0,5.555555555555555,0.5,0.0,0.0,18.0,0.0,18.0,12.0,17.0,70.58823529411765,3.0,20.370370370370377,7.0710678118654755,88.39,0.0,0.0,0.0,0.0,0.0,50.0,0.0,0.0,0.0,0.0,0.0,3.0,5.0,60.0,18.75,0.14222222222222222
Sameer Rizvi,Sameer Rizvi,All-Rounder,DC,NO,4.0,36.0,35.0,34.0,4.0,0.0,9.0,102.85714285714286,9.0,8.75,8.5,0.0,0.0,0.0,21.0,1.0,2.0,1.0,2.0,3.0,16.0,44.44444444444444,8.571428571428571,0.25,0.5,0.5,35.0,17.5,11.666666666666666,20.0,32.0,62.5,9.0,27.936507936507937,10.23067283548187,113.67,0.0,0.0,0.0,0.0,0.0,50.0,25.0,0.0,0.0,0.0,0.0,14.0,6.0,233.33333333333334,38.888888888888886,0.37028571428571433
Tristan Stubbs,Tristan Stubbs,WK-Batter,DC,NO,15.0,345.0,204.0,352.0,10.0,5.0,34.5,169.11764705882354,23.0,13.6,23.466666666666665,5.0,2.0,1.0,71.0,6.0,7.0,23.0,22.0,45.0,224.0,64.92753623188406,22.058823529411764,1.5333333333333334,1.4666666666666666,1.0454545454545454,8.869565217391305,9.272727272727273,4.533333333333333,121.0,159.0,76.1006289308176,24.0,12.037037037037043,23.012419007384437,100.05,33.333333333333336,13.333333333333334,6.666666666666667,40.0,50.0,40.0,20.0,0.0,2.0,0.0,0.0,63.0,43.0,146.51162790697674,18.26086956521739,7.779411764705882
Anuj Rawat,Anuj Rawat,WK-Batter,GT,NO,21.0,318.0,267.0,467.0,16.0,5.0,19.875,119.10112359550561,15.142857142857142,12.714285714285714,22.238095238095237,2.0,1.0,0.0,66.0,5.0,6.0,26.0,14.0,40.0,188.0,59.119496855345915,14.9812734082397,1.2380952380952381,0.6666666666666666,1.8571428571428572,10.26923076923077,19.071428571428573,6.675,130.0,227.0,57.268722466960355,82.0,30.919683728672496,16.992014931389726,112.21,9.523809523809524,4.761904761904762,0.0,50.0,0.0,47.61904761904762,25.0,22.0,31.0,70.96774193548387,6.918238993710692,128.0,89.0,143.82022471910113,40.25157232704402,4.6891813804173355
Arshad Khan,Arshad Khan,All-Rounder,GT,NO,5.0,43.0,35.0,66.0,3.0,2.0,14.333333333333334,122.85714285714286,8.6,7.0,13.2,0.0,0.0,0.0,20.0,2.0,1.0,3.0,1.0,4.0,18.0,41.86046511627907,11.428571428571429,0.6,0.2,3.0,11.666666666666666,35.0,8.75,25.0,31.0,80.64516129032258,3.0,9.206349206349206,8.44393273303382,98.19,0.0,0.0,0.0,0.0,0.0,60.0,0.0,0.0,0.0,0.0,0.0,6.0,6.0,100.0,13.953488372093023,0.7396
Dasun Shanaka,Dasun Shanaka,All-Rounder,GT,NO,3.0,26.0,26.0,29.0,2.0,1.0,13.0,100.0,8.666666666666666,8.666666666666666,9.666666666666666,0.0,0.0,0.0,17.0,1.0,1.0,2.0,1.0,3.0,14.0,53.84615384615385,11.538461538461538,0.6666666666666666,0.3333333333333333,2.0,13.0,26.0,8.666666666666666,12.0,23.0,52.17391304347826,9.0,37.17948717948718,8.504900548115383,98.13,0.0,0.0,0.0,0.0,0.0,66.66666666666667,50.0,0.0,0.0,0.0,0.0,0.0,0.0,0.0,0.0,0.3466666666666667
Glenn Phillips,Glenn Phillips,Batter ,GT,NO,8.0,65.0,55.0,89.0,7.0,1.0,9.285714285714286,118.18181818181819,8.125,6.875,11.125,0.0,0.0,0.0,25.0,1.0,3.0,3.0,6.0,9.0,48.0,73.84615384615384,16.363636363636363,0.375,0.75,0.5,18.333333333333332,9.166666666666666,6.111111111111111,17.0,46.0,36.95652173913044,27.0,49.29292929292929,8.131727983645296,100.08,0.0,0.0,0.0,0.0,0.0,75.0,14.285714285714286,0.0,0.0,0.0,0.0,31.0,15.0,206.66666666666666,47.69230769230769,0.8642045454545454
Jayant Yadav,Jayant Yadav,All-Rounder,GT,NO,3.0,34.0,26.0,40.0,2.0,1.0,17.0,130.76923076923077,11.333333333333334,8.666666666666666,13.333333333333334,0.0,0.0,0.0,23.0,1.0,1.0,2.0,1.0,3.0,14.0,41.1764705882353,11.538461538461538,0.6666666666666666,0.3333333333333333,2.0,13.0,26.0,8.666666666666666,20.0,23.0,86.95652173913044,0.0,2.9914529914529946,11.50362261782493,101.5,0.0,0.0,0.0,0.0,0.0,33.333333333333336,50.0,0.0,0.0,0.0,0.0,34.0,26.0,130.76923076923077,100.0,0.5928205128205128
Jos Buttler,Jos Buttler,WK-Batter,GT,NO,48.0,1847.0,1257.0,2152.0,44.0,4.0,41.97727272727273,146.93715194908512,38.479166666666664,26.1875,44.833333333333336,23.0,15.0,11.0,124.0,12.0,9.0,186.0,84.0,270.0,1248.0,67.56903086085543,21.479713603818617,3.875,1.75,2.2142857142857144,6.758064516129032,14.964285714285714,4.655555555555556,599.0,987.0,60.68895643363729,321.0,25.57235039335278,37.94788676499758,98.62,47.916666666666664,31.25,22.916666666666668,65.21739130434783,73.33333333333333,31.25,13.636363636363637,284.0,214.0,132.71028037383178,15.37628586897672,758.0,460.0,164.7826086956522,41.03952355170547,29.400899628745687
Kumar Kushagra,Kumar Kushagra,WK-Batter,GT,NO,2.0,1.0,4.0,10.0,2.0,0.0,0.5,25.0,0.5,2.0,5.0,0.0,0.0,0.0,1.0,0.0,0.0,0.0,0.0,0.0,0.0,0.0,0.0,0.0,0.0,0.0,0.0,0.0,0.0,1.0,4.0,25.0,2.0,72.22222222222221,0.7071067811865476,141.42,0.0,0.0,0.0,0.0,0.0,100.0,50.0,0.0,0.0,0.0,0.0,0.0,1.0,0.0,0.0,0.0025
M Shahrukh Khan,M Shahrukh Khan,All-Rounder,GT,NO,37.0,547.0,388.0,766.0,27.0,10.0,20.25925925925926,140.97938144329896,14.783783783783784,10.486486486486486,20.7027027027027,4.0,1.0,0.0,58.0,5.0,5.0,35.0,36.0,71.0,356.0,65.08226691042047,18.298969072164947,0.9459459459459459,0.972972972972973,0.9722222222222222,11.085714285714285,10.777777777777779,5.464788732394366,191.0,317.0,60.25236593059937,104.0,27.004581901489118,13.587443417310656,91.91,10.81081081081081,2.7027027027027026,0.0,25.0,0.0,43.24324324324324,14.814814814814815,0.0,0.0,0.0,0.0,208.0,164.0,126.82926829268293,38.02559414990859,9.795780858177764
Mahipal Lomror,Mahipal Lomror,All-Rounder,GT,NO,26.0,395.0,269.0,465.0,22.0,4.0,17.954545454545453,146.84014869888475,15.192307692307692,10.346153846153847,17.884615384615383,5.0,1.0,0.0,54.0,6.0,4.0,26.0,24.0,50.0,248.0,62.78481012658228,18.587360594795538,1.0,0.9230769230769231,1.0833333333333333,10.346153846153847,11.208333333333334,5.38,147.0,219.0,67.12328767123287,55.0,20.693928128872365,15.558969710798284,102.41,19.23076923076923,3.8461538461538463,0.0,20.0,0.0,53.84615384615385,13.636363636363637,6.0,8.0,75.0,1.518987341772152,160.0,92.0,173.91304347826087,40.50632911392405,6.692522161853015
Sai Kishore,Sai Kishore,All-Rounder,GT,NO,2.0,13.0,6.0,11.0,1.0,1.0,13.0,216.66666666666666,6.5,3.0,5.5,0.0,0.0,0.0,13.0,0.0,2.0,0.0,2.0,2.0,12.0,92.3076923076923,33.333333333333336,0.0,1.0,0.0,0.0,3.0,3.0,1.0,4.0,25.0,2.0,48.148148148148145,9.192388155425117,141.42,0.0,0.0,0.0,0.0,0.0,50.0,100.0,0.0,0.0,0.0,0.0,13.0,6.0,216.66666666666666,100.0,0.4225
Sai Sudharsan,Sai Sudharsan,All-Rounder,GT,NO,25.0,1034.0,743.0,1156.0,22.0,3.0,47.0,139.16554508748317,41.36,29.72,46.24,17.0,7.0,3.0,103.0,8.0,7.0,95.0,31.0,126.0,566.0,54.73887814313346,16.95827725437416,3.8,1.24,3.064516129032258,7.821052631578947,23.967741935483872,5.896825396825397,468.0,617.0,75.85089141004862,97.0,13.055181695827725,26.059035541119577,63.01,68.0,28.0,12.0,41.1764705882353,42.857142857142854,4.0,0.0,49.0,51.0,96.07843137254902,4.738878143133462,385.0,242.0,159.0909090909091,37.234042553191486,16.11648344549125
Sherfane Rutherford,Sherfane Rutherford,Batter,GT,NO,2.0,33.0,50.0,100.0,2.0,0.0,16.5,66.0,16.5,25.0,50.0,0.0,0.0,0.0,28.0,1.0,1.0,1.0,1.0,2.0,10.0,30.303030303030305,4.0,0.5,0.5,1.0,50.0,50.0,25.0,23.0,48.0,47.916666666666664,22.0,44.88888888888889,16.263455967290593,98.57,0.0,0.0,0.0,0.0,0.0,50.0,0.0,0.0,0.0,0.0,0.0,28.0,40.0,70.0,84.84848484848484,0.2178
Shubman Gill,Shubman Gill,Batter,GT,NO,62.0,2277.0,1620.0,2618.0,57.0,5.0,39.94736842105263,140.55555555555554,36.725806451612904,26.129032258064516,42.225806451612904,34.0,17.0,9.0,129.0,13.0,10.0,223.0,71.0,294.0,1318.0,57.88317962231006,18.14814814814815,3.596774193548387,1.1451612903225807,3.140845070422535,7.26457399103139,22.816901408450704,5.510204081632653,959.0,1326.0,72.32277526395174,260.0,16.076817558299048,31.625974671607167,86.11,54.83870967741935,27.419354838709676,14.516129032258064,50.0,52.94117647058823,27.419354838709676,7.017543859649122,192.0,179.0,107.26256983240224,8.432147562582346,684.0,424.0,161.32075471698113,30.039525691699605,34.58550806451613
Washington Sundar,Washington Sundar,All-Rounder,GT,NO,18.0,192.0,177.0,300.0,16.0,2.0,12.0,108.47457627118644,10.666666666666666,9.833333333333334,16.666666666666668,1.0,0.0,0.0,40.0,5.0,2.0,17.0,3.0,20.0,86.0,44.791666666666664,11.299435028248588,0.9444444444444444,0.16666666666666666,5.666666666666667,10.411764705882353,59.0,8.85,106.0,157.0,67.51592356687898,39.0,22.159447583176398,10.499299696534386,98.43,5.555555555555555,0.0,0.0,0.0,0.0,61.111111111111114,12.5,10.0,16.0,62.5,5.208333333333333,142.0,119.0,119.32773109243698,73.95833333333333,2.314124293785311
Ajinkya Rahane,Ajinkya Rahane,Batter,KKR,NO,30.0,676.0,499.0,864.0,29.0,1.0,23.310344827586206,135.47094188376752,22.533333333333335,16.633333333333333,28.8,8.0,2.0,1.0,71.0,7.0,5.0,59.0,26.0,85.0,392.0,57.98816568047337,17.034068136272545,1.9666666666666666,0.8666666666666667,2.269230769230769,8.457627118644067,19.192307692307693,5.870588235294117,284.0,414.0,68.59903381642512,98.0,19.728345580048988,17.137845463372482,76.06,26.666666666666668,6.666666666666667,3.3333333333333335,25.0,50.0,33.333333333333336,0.0,69.0,89.0,77.52808988764045,10.207100591715976,0.0,0.0,0.0,0.0,9.463096860387443
Andre Russell,Andre Russell,All-Rounder,KKR,NO,42.0,922.0,563.0,892.0,33.0,9.0,27.939393939393938,163.76554174067496,21.952380952380953,13.404761904761905,21.238095238095237,14.0,3.0,1.0,70.0,4.0,8.0,60.0,77.0,137.0,702.0,76.13882863340564,24.33392539964476,1.4285714285714286,1.8333333333333333,0.7792207792207793,9.383333333333333,7.311688311688312,4.109489051094891,220.0,426.0,51.64319248826291,181.0,32.24787842905072,19.607057441387585,89.32,33.333333333333336,7.142857142857143,2.380952380952381,21.428571428571427,33.333333333333336,38.095238095238095,12.121212121212121,0.0,0.0,0.0,0.0,309.0,212.0,145.75471698113208,33.51409978308026,18.334722151738138
Angkrish Raghuvanshi,Angkrish Raghuvanshi,Batter,KKR,NO,7.0,163.0,105.0,186.0,7.0,0.0,23.285714285714285,155.23809523809524,23.285714285714285,15.0,26.571428571428573,3.0,1.0,0.0,54.0,5.0,3.0,16.0,8.0,24.0,112.0,68.71165644171779,22.857142857142858,2.2857142857142856,1.1428571428571428,2.0,6.5625,13.125,4.375,51.0,81.0,62.96296296296296,24.0,23.174603174603178,17.547215217941616,75.36,42.857142857142854,14.285714285714286,0.0,33.333333333333336,0.0,28.571428571428573,0.0,23.0,16.0,143.75,14.110429447852761,0.0,0.0,0.0,0.0,2.5303809523809524
Anukul Roy,Anukul Roy,All-Rounder,KKR,NO,6.0,26.0,24.0,50.0,3.0,3.0,8.666666666666666,108.33333333333333,4.333333333333333,4.0,8.333333333333334,0.0,0.0,0.0,13.0,2.0,0.0,3.0,0.0,3.0,12.0,46.15384615384615,12.5,0.5,0.0,0.0,8.0,0.0,8.0,14.0,21.0,66.66666666666667,5.0,22.685185185185187,4.844240566555987,111.79,0.0,0.0,0.0,0.0,0.0,83.33333333333333,66.66666666666667,4.0,5.0,80.0,15.384615384615385,0.0,0.0,0.0,0.0,0.4225
Manish Pandey,Manish Pandey,Batter,KKR,NO,24.0,582.0,493.0,791.0,22.0,2.0,26.454545454545453,118.052738336714,24.25,20.541666666666668,32.958333333333336,9.0,4.0,0.0,69.0,7.0,3.0,47.0,17.0,64.0,290.0,49.828178694158076,12.981744421906694,1.9583333333333333,0.7083333333333334,2.764705882352941,10.48936170212766,29.0,7.703125,292.0,429.0,68.06526806526807,104.0,21.20802343926076,21.234201288200744,87.56,37.5,16.666666666666668,0.0,44.44444444444444,0.0,33.333333333333336,9.090909090909092,24.0,28.0,85.71428571428571,4.123711340206185,175.0,143.0,122.37762237762237,30.06872852233677,7.443225152129816
Moeen Ali,Moeen Ali,All-Rounder,KKR,NO,39.0,843.0,613.0,980.0,35.0,4.0,24.085714285714285,137.52039151712887,21.615384615384617,15.717948717948717,25.128205128205128,11.0,3.0,1.0,93.0,13.0,5.0,74.0,44.0,118.0,560.0,66.42941874258601,19.249592169657422,1.8974358974358974,1.1282051282051282,1.6818181818181819,8.283783783783784,13.931818181818182,5.194915254237288,283.0,495.0,57.17171717171717,180.0,29.45441363059634,19.55103360387264,90.45,28.205128205128204,7.6923076923076925,2.5641025641025643,27.272727272727273,33.333333333333336,33.333333333333336,11.428571428571429,24.0,33.0,72.72727272727273,2.8469750889679717,264.0,175.0,150.85714285714286,31.316725978647685,12.78199146693437
Quinton de Kock,Quinton de Kock,WK-Batter,KKR,NO,40.0,1186.0,877.0,1524.0,38.0,2.0,31.210526315789473,135.23375142531356,29.65,21.925,38.1,14.0,10.0,5.0,140.0,10.0,10.0,113.0,47.0,160.0,734.0,61.88870151770658,18.244013683010262,2.825,1.175,2.404255319148936,7.761061946902655,18.659574468085108,5.48125,452.0,717.0,63.04044630404463,214.0,24.49005447865197,29.896874032632184,100.83,35.0,25.0,12.5,71.42857142857143,50.0,32.5,2.6315789473684212,165.0,144.0,114.58333333333333,13.91231028667791,81.0,56.0,144.64285714285714,6.829679595278246,16.8406590649943
Rahmanullah Gurbaz,Rahmanullah Gurbaz,WK-Batter,KKR,NO,10.0,219.0,158.0,268.0,10.0,0.0,21.9,138.60759493670886,21.9,15.8,26.8,2.0,2.0,1.0,81.0,6.0,7.0,17.0,15.0,32.0,158.0,72.14611872146119,20.253164556962027,1.7,1.5,1.1333333333333333,9.294117647058824,10.533333333333333,4.9375,61.0,126.0,48.41269841269841,58.0,36.849507735583686,26.6101484400219,121.51,20.0,20.0,10.0,100.0,50.0,30.0,20.0,71.0,60.0,118.33333333333333,32.42009132420091,0.0,0.0,0.0,0.0,3.0355063291139244
Ramandeep Singh,Ramandeep Singh,All-Rounder,KKR,NO,12.0,153.0,94.0,128.0,6.0,6.0,25.5,162.7659574468085,12.75,7.833333333333333,10.666666666666666,1.0,0.0,0.0,35.0,2.0,4.0,7.0,12.0,19.0,100.0,65.359477124183,20.21276595744681,0.5833333333333334,1.0,0.5833333333333334,13.428571428571429,7.833333333333333,4.947368421052632,53.0,75.0,70.66666666666667,16.0,17.139479905437355,10.592664700373813,83.08,8.333333333333334,0.0,0.0,0.0,0.0,41.666666666666664,0.0,0.0,0.0,0.0,0.0,4.0,6.0,66.66666666666667,2.6143790849673203,3.7354787234042552
Rinku Singh,Rinku Singh,Batter,KKR,NO,30.0,778.0,517.0,888.0,20.0,10.0,38.9,150.4835589941973,25.933333333333334,17.233333333333334,29.6,10.0,4.0,0.0,67.0,6.0,6.0,59.0,42.0,101.0,488.0,62.724935732647815,19.535783365570598,1.9666666666666666,1.4,1.4047619047619047,8.76271186440678,12.30952380952381,5.118811881188119,290.0,416.0,69.71153846153847,93.0,18.138835160111753,18.429611355442187,71.07,33.333333333333336,13.333333333333334,0.0,40.0,0.0,26.666666666666668,0.0,0.0,0.0,0.0,0.0,323.0,232.0,139.22413793103448,41.51670951156812,15.6101611863314
Rovman Powell,Rovman Powell,Batter ,KKR,NO,19.0,334.0,219.0,395.0,17.0,2.0,19.647058823529413,152.51141552511416,17.57894736842105,11.526315789473685,20.789473684210527,5.0,1.0,0.0,67.0,3.0,6.0,18.0,27.0,45.0,234.0,70.05988023952096,20.54794520547945,0.9473684210526315,1.4210526315789473,0.6666666666666666,12.166666666666666,8.11111111111111,4.866666666666666,100.0,174.0,57.47126436781609,62.0,28.71638762049721,18.67653248055099,106.24,26.31578947368421,5.2631578947368425,0.0,20.0,0.0,47.36842105263158,11.764705882352942,0.0,0.0,0.0,0.0,211.0,125.0,168.8,63.17365269461078,5.630079307858687
Sunil Narine,Sunil Narine,All-Rounder,KKR,NO,40.0,613.0,361.0,623.0,34.0,6.0,18.029411764705884,169.8060941828255,15.325,9.025,15.575,5.0,4.0,4.0,109.0,13.0,7.0,57.0,44.0,101.0,492.0,80.2610114192496,27.977839335180054,1.425,1.1,1.2954545454545454,6.333333333333333,8.204545454545455,3.5742574257425743,121.0,260.0,46.53846153846154,125.0,34.779932286857495,26.36663344028507,172.05,12.5,10.0,10.0,80.0,100.0,67.5,32.35294117647059,41.0,51.0,80.3921568627451,6.688417618270799,163.0,91.0,179.12087912087912,26.5905383360522,11.970480609418283
Venkatesh Iyer,Venkatesh Iyer,All-Rounder,KKR,NO,45.0,1077.0,841.0,1401.0,40.0,5.0,26.925,128.06183115338882,23.933333333333334,18.68888888888889,31.133333333333333,15.0,9.0,2.0,83.0,9.0,5.0,100.0,43.0,143.0,658.0,61.09563602599814,17.00356718192628,2.2222222222222223,0.9555555555555556,2.3255813953488373,8.41,19.558139534883722,5.881118881118881,419.0,698.0,60.02865329512894,232.0,27.639054036200292,21.65262948550045,90.47,33.333333333333336,20.0,4.444444444444445,60.0,22.22222222222222,35.55555555555556,5.0,193.0,180.0,107.22222222222223,17.920148560817083,211.0,156.0,135.25641025641025,19.591457753017643,15.32473246135553
Abdul Samad,Abdul Samad,All-Rounder,LSG,NO,28.0,435.0,305.0,502.0,22.0,6.0,19.772727272727273,142.62295081967213,15.535714285714286,10.892857142857142,17.928571428571427,3.0,0.0,0.0,37.0,5.0,4.0,29.0,27.0,56.0,278.0,63.9080459770115,18.360655737704917,1.0357142857142858,0.9642857142857143,1.0740740740740742,10.517241379310345,11.296296296296296,5.446428571428571,157.0,249.0,63.05220883534137,74.0,24.44444444444445,11.62845215284044,74.85,10.714285714285714,0.0,0.0,0.0,0.0,35.714285714285715,9.090909090909092,0.0,0.0,0.0,0.0,250.0,190.0,131.57894736842104,57.47126436781609,7.533548009367681
Aiden Markram,Aiden Markram,Batter,LSG,NO,40.0,974.0,742.0,1203.0,31.0,9.0,31.419354838709676,131.266846361186,24.35,18.55,30.075,14.0,5.0,0.0,68.0,6.0,5.0,70.0,35.0,105.0,490.0,50.30800821355236,14.150943396226415,1.75,0.875,2.0,10.6,21.2,7.066666666666666,484.0,637.0,75.98116169544741,99.0,13.37226714585206,17.48633165852103,71.81,35.0,12.5,0.0,35.714285714285715,0.0,20.0,6.451612903225806,17.0,20.0,85.0,1.7453798767967146,125.0,103.0,121.35922330097087,12.833675564681725,15.66210377358491
Arshin Kulkarni,Arshin Kulkarni,All-Rounder,LSG,NO,2.0,9.0,8.0,14.0,2.0,0.0,4.5,112.5,4.5,4.0,7.0,0.0,0.0,0.0,9.0,2.0,0.0,2.0,0.0,2.0,8.0,88.88888888888889,25.0,1.0,0.0,0.0,4.0,0.0,4.0,1.0,6.0,16.666666666666668,4.0,61.111111111111114,6.363961030678928,141.42,0.0,0.0,0.0,0.0,0.0,100.0,50.0,9.0,8.0,112.5,100.0,0.0,0.0,0.0,0.0,0.10125
Ayush Badoni,Ayush Badoni,All-Rounder,LSG,NO,32.0,547.0,421.0,759.0,25.0,7.0,21.88,129.92874109263659,17.09375,13.15625,23.71875,5.0,3.0,0.0,55.0,9.0,3.0,43.0,18.0,61.0,280.0,51.18829981718464,14.489311163895486,1.34375,0.5625,2.388888888888889,9.790697674418604,23.38888888888889,6.901639344262295,267.0,360.0,74.16666666666667,63.0,15.04354711005542,15.861007930791951,92.79,15.625,9.375,0.0,60.0,0.0,40.625,8.0,5.0,17.0,29.41176470588235,0.9140767824497258,259.0,194.0,133.50515463917526,47.34917733089579,8.6617807304038
David Miller,David Miller,Batter,LSG,NO,46.0,1074.0,767.0,1264.0,26.0,20.0,41.30769230769231,140.02607561929597,23.347826086956523,16.67391304347826,27.47826086956522,16.0,4.0,1.0,94.0,8.0,6.0,81.0,47.0,128.0,606.0,56.42458100558659,16.6883963494133,1.7608695652173914,1.0217391304347827,1.7234042553191489,9.469135802469136,16.319148936170212,5.9921875,468.0,639.0,73.2394366197183,119.0,15.514993481095177,19.939037524196202,85.4,34.78260869565217,8.695652173913043,2.1739130434782608,25.0,25.0,30.434782608695652,7.6923076923076925,9.0,18.0,50.0,0.8379888268156425,284.0,199.0,142.71356783919597,26.443202979515828,21.57740944390908
Mitchell Marsh,Mitchell Marsh,All-Rounder,LSG,NO,21.0,440.0,324.0,537.0,21.0,0.0,20.952380952380953,135.80246913580248,20.952380952380953,15.428571428571429,25.571428571428573,4.0,3.0,1.0,89.0,5.0,7.0,39.0,24.0,63.0,300.0,68.18181818181819,19.444444444444443,1.8571428571428572,1.1428571428571428,1.625,8.307692307692308,13.5,5.142857142857143,140.0,261.0,53.63984674329502,105.0,32.5445816186557,24.193958317059632,115.47,19.047619047619047,14.285714285714286,4.761904761904762,75.0,33.333333333333336,38.095238095238095,19.047619047619047,100.0,69.0,144.92753623188406,22.727272727272727,152.0,110.0,138.1818181818182,34.54545454545455,5.975308641975309
Nicholas Pooran,Nicholas Pooran,WK-Batter,LSG,NO,50.0,1092.0,688.0,1128.0,36.0,14.0,30.333333333333332,158.72093023255815,21.84,13.76,22.56,20.0,5.0,0.0,64.0,7.0,7.0,69.0,76.0,145.0,732.0,67.03296703296704,21.075581395348838,1.38,1.52,0.9078947368421053,9.971014492753623,9.052631578947368,4.744827586206896,360.0,543.0,66.29834254143647,143.0,20.78488372093023,20.567817143314365,94.17,40.0,10.0,0.0,25.0,0.0,42.0,22.22222222222222,0.0,11.0,0.0,0.0,491.0,285.0,172.28070175438597,44.96336996336996,22.185376744186048
Rishabh Pant,Rishabh Pant,WK-Batter,LSG,NO,41.0,1172.0,814.0,1375.0,33.0,8.0,35.515151515151516,143.98034398034397,28.585365853658537,19.853658536585368,33.53658536585366,17.0,6.0,1.0,88.0,9.0,8.0,108.0,51.0,159.0,738.0,62.96928327645051,19.533169533169534,2.6341463414634148,1.2439024390243902,2.1176470588235294,7.537037037037037,15.96078431372549,5.119496855345912,434.0,655.0,66.25954198473282,172.0,21.225771225771226,18.626561155720744,65.16,41.46341463414634,14.634146341463415,2.4390243902439024,35.294117647058826,16.666666666666668,14.634146341463415,0.0,1.0,2.0,50.0,0.08532423208191127,270.0,201.0,134.32835820895522,23.037542662116042,20.1670809612273
Shahbaz Ahmed,Shahbaz Ahmed,All-Rounder,LSG,NO,32.0,506.0,407.0,773.0,24.0,8.0,21.083333333333332,124.32432432432432,15.8125,12.71875,24.15625,5.0,1.0,0.0,59.0,4.0,5.0,28.0,23.0,51.0,250.0,49.40711462450593,12.530712530712531,0.875,0.71875,1.2173913043478262,14.535714285714286,17.695652173913043,7.980392156862745,256.0,356.0,71.91011235955057,71.0,17.58121758121758,14.436596641197854,91.3,15.625,3.125,0.0,20.0,0.0,40.625,0.0,4.0,9.0,44.44444444444444,0.7905138339920948,139.0,98.0,141.83673469387756,27.470355731225297,7.863513513513514
Shardul Thakur,Shardul Thakur,All-Rounder,LSG,NO,25.0,245.0,166.0,310.0,18.0,7.0,13.61111111111111,147.59036144578315,9.8,6.64,12.4,1.0,1.0,0.0,68.0,9.0,3.0,21.0,12.0,33.0,156.0,63.673469387755105,19.879518072289155,0.84,0.48,1.75,7.904761904761905,13.833333333333334,5.03030303030303,89.0,133.0,66.9172932330827,34.0,20.548862115127175,14.716770479060049,150.17,4.0,4.0,0.0,100.0,0.0,68.0,22.22222222222222,0.0,4.0,0.0,0.0,159.0,103.0,154.36893203883494,64.89795918367346,4.62843373493976
Hardik Pandya,Hardik Pandya,All-Rounder,MI,NO,52.0,1158.0,870.0,1432.0,41.0,11.0,28.24390243902439,133.10344827586206,22.26923076923077,16.73076923076923,27.53846153846154,15.0,6.0,1.0,87.0,8.0,4.0,102.0,42.0,144.0,660.0,56.994818652849744,16.551724137931036,1.9615384615384615,0.8076923076923077,2.4285714285714284,8.529411764705882,20.714285714285715,6.041666666666667,498.0,726.0,68.59504132231405,172.0,19.846743295019156,20.291131439201614,91.12,28.846153846153847,11.538461538461538,1.9230769230769231,40.0,16.666666666666668,32.69230769230769,4.878048780487805,17.0,15.0,113.33333333333333,1.468048359240069,337.0,261.0,129.11877394636016,29.101899827288428,18.673901856763923
Jonny Bairstow,Jonny Bairstow,WK-Batter,MI,NO,28.0,785.0,523.0,872.0,26.0,2.0,30.192307692307693,150.09560229445506,28.035714285714285,18.678571428571427,31.142857142857142,11.0,5.0,1.0,108.0,8.0,9.0,86.0,38.0,124.0,572.0,72.86624203821655,23.709369024856596,3.0714285714285716,1.3571428571428572,2.263157894736842,6.0813953488372094,13.763157894736842,4.217741935483871,213.0,399.0,53.38345864661654,162.0,31.03887826641173,24.979224171531833,89.1,39.285714285714285,17.857142857142858,3.5714285714285716,45.45454545454545,20.0,32.142857142857146,3.8461538461538463,178.0,114.0,156.140350877193,22.67515923566879,18.0,16.0,112.5,2.2929936305732483,12.62411226440863
Mitchell Santner,Mitchell Santner,All-Rounder,MI,NO,8.0,35.0,44.0,58.0,4.0,4.0,8.75,79.54545454545455,4.375,5.5,7.25,0.0,0.0,0.0,11.0,2.0,0.0,4.0,0.0,4.0,16.0,45.714285714285715,9.090909090909092,0.5,0.0,0.0,11.0,0.0,11.0,19.0,40.0,47.5,18.0,42.92929292929293,4.983902658989812,113.92,0.0,0.0,0.0,0.0,0.0,75.0,25.0,20.0,24.0,83.33333333333333,57.142857142857146,0.0,2.0,0.0,0.0,0.4176136363636364
Naman Dhir,Naman Dhir,All-Rounder,MI,NO,5.0,61.0,45.0,74.0,5.0,0.0,12.2,135.55555555555554,12.2,9.0,14.8,1.0,0.0,0.0,30.0,3.0,2.0,7.0,3.0,10.0,46.0,75.40983606557377,22.22222222222222,1.4,0.6,2.3333333333333335,6.428571428571429,15.0,4.5,15.0,35.0,42.857142857142854,18.0,40.74074074074074,13.007690033207279,106.62,20.0,0.0,0.0,0.0,0.0,40.0,40.0,31.0,31.0,100.0,50.81967213114754,0.0,0.0,0.0,0.0,0.8268888888888889
Raj Bawa,Raj Bawa,All-Rounder,MI,NO,2.0,11.0,14.0,21.0,2.0,0.0,5.5,78.57142857142857,5.5,7.0,10.5,0.0,0.0,0.0,11.0,1.0,0.0,1.0,0.0,1.0,4.0,36.36363636363637,7.142857142857143,0.5,0.0,0.0,14.0,0.0,14.0,7.0,13.0,53.84615384615385,5.0,37.301587301587304,7.7781745930520225,141.42,0.0,0.0,0.0,0.0,0.0,50.0,50.0,0.0,0.0,0.0,0.0,0.0,0.0,0.0,0.0,0.08642857142857142
Rohit Sharma,Rohit Sharma,Batter,MI,NO,54.0,1291.0,975.0,1687.0,53.0,1.0,24.358490566037737,132.4102564102564,23.90740740740741,18.055555555555557,31.24074074074074,20.0,4.0,1.0,105.0,11.0,5.0,129.0,61.0,190.0,882.0,68.31913245546089,19.487179487179485,2.388888888888889,1.1296296296296295,2.1147540983606556,7.558139534883721,15.98360655737705,5.131578947368421,409.0,785.0,52.10191082802548,330.0,33.903133903133906,21.620455477127088,90.43,37.03703703703704,7.407407407407407,1.8518518518518519,20.0,25.0,37.03703703703704,7.547169811320755,299.0,292.0,102.3972602739726,23.16034082106894,128.0,97.0,131.95876288659792,9.914794732765298,17.410722697056034
Suryakumar Yadav,Suryakumar Yadav,Batter,MI,NO,46.0,1516.0,927.0,1497.0,42.0,4.0,36.095238095238095,163.53829557713053,32.95652173913044,20.152173913043477,32.54347826086956,22.0,15.0,5.0,103.0,13.0,6.0,159.0,69.0,228.0,1050.0,69.26121372031662,24.59546925566343,3.4565217391304346,1.5,2.3043478260869565,5.830188679245283,13.434782608695652,4.065789473684211,466.0,699.0,66.66666666666667,181.0,19.549322785568748,28.647246539580674,86.92,47.82608695652174,32.608695652173914,10.869565217391305,68.18181818181819,33.333333333333336,26.08695652173913,9.523809523809524,62.0,43.0,144.1860465116279,4.089709762532982,345.0,212.0,162.73584905660377,22.757255936675463,26.9482669668402
Tilak Varma,Tilak Varma,Batter,MI,NO,36.0,1094.0,748.0,1414.0,27.0,9.0,40.51851851851852,146.2566844919786,30.38888888888889,20.77777777777778,39.27777777777778,18.0,6.0,1.0,84.0,9.0,6.0,82.0,56.0,138.0,664.0,60.69469835466179,18.449197860962567,2.2777777777777777,1.5555555555555556,1.4642857142857142,9.121951219512194,13.357142857142858,5.420289855072464,430.0,610.0,70.49180327868852,132.0,17.67676767676768,20.14983555803553,66.31,50.0,16.666666666666668,2.7777777777777777,33.333333333333336,16.666666666666668,22.22222222222222,3.7037037037037037,56.0,30.0,186.66666666666666,5.118829981718465,299.0,199.0,150.25125628140702,27.3308957952468,20.000601604278078
Will Jacks,Will Jacks,All-Rounder,MI,NO,7.0,189.0,102.0,127.0,6.0,1.0,31.5,185.2941176470588,27.0,14.571428571428571,18.142857142857142,2.0,2.0,1.0,100.0,5.0,10.0,13.0,16.0,29.0,148.0,78.3068783068783,28.431372549019606,1.8571428571428572,2.2857142857142856,0.8125,7.846153846153846,6.375,3.5172413793103448,41.0,73.0,56.16438356164384,27.0,26.90631808278867,37.00450423034111,137.05,28.571428571428573,28.571428571428573,14.285714285714286,100.0,50.0,57.142857142857146,0.0,20.0,13.0,153.84615384615384,10.582010582010582,0.0,0.0,0.0,0.0,4.00235294117647
Devdutt Padikkal,Devdutt Padikkal,Batter ,RCB,NO,48.0,1086.0,886.0,1492.0,46.0,2.0,23.608695652173914,122.57336343115124,22.625,18.458333333333332,31.083333333333332,14.0,5.0,2.0,101.0,11.0,6.0,118.0,34.0,152.0,676.0,62.246777163904234,17.155756207674944,2.4583333333333335,0.7083333333333334,3.4705882352941178,7.508474576271187,26.058823529411764,5.828947368421052,410.0,734.0,55.858310626702995,278.0,31.42713819914723,20.944328435569886,92.57,29.166666666666668,10.416666666666666,4.166666666666667,35.714285714285715,40.0,37.5,8.695652173913043,188.0,169.0,111.24260355029585,17.311233885819522,225.0,197.0,114.21319796954315,20.718232044198896,13.866111738148984
Jitesh Sharma,Jitesh Sharma,WK-Batter,RCB,NO,33.0,676.0,445.0,693.0,30.0,3.0,22.533333333333335,151.91011235955057,20.484848484848484,13.484848484848484,21.0,7.0,0.0,0.0,49.0,5.0,4.0,51.0,41.0,92.0,450.0,66.5680473372781,20.674157303370787,1.5454545454545454,1.2424242424242424,1.2439024390243902,8.72549019607843,10.853658536585366,4.836956521739131,226.0,353.0,64.02266288951841,101.0,22.89637952559301,13.402707777071608,65.43,21.21212121212121,0.0,0.0,0.0,0.0,30.303030303030305,3.3333333333333335,9.0,14.0,64.28571428571429,1.331360946745562,220.0,137.0,160.5839416058394,32.544378698224854,11.202680286006128
Krunal Pandya,Krunal Pandya,All-Rounder,RCB,NO,48.0,617.0,512.0,930.0,32.0,16.0,19.28125,120.5078125,12.854166666666666,10.666666666666666,19.375,6.0,0.0,0.0,49.0,5.0,2.0,46.0,20.0,66.0,304.0,49.270664505672606,12.890625,0.9583333333333334,0.4166666666666667,2.3,11.130434782608695,25.6,7.757575757575758,313.0,446.0,70.17937219730942,98.0,19.18402777777778,12.782950052970465,99.45,12.5,0.0,0.0,0.0,0.0,58.333333333333336,12.5,14.0,13.0,107.6923076923077,2.2690437601296596,114.0,82.0,139.02439024390245,18.47649918962723,9.913776041666665
Liam Livingstone,Liam Livingstone,All-Rounder,RCB,NO,34.0,775.0,482.0,803.0,29.0,5.0,26.724137931034484,160.78838174273858,22.794117647058822,14.176470588235293,23.61764705882353,9.0,5.0,2.0,82.0,7.0,5.0,55.0,52.0,107.0,532.0,68.64516129032258,22.199170124481327,1.6176470588235294,1.5294117647058822,1.0576923076923077,8.763636363636364,9.26923076923077,4.5046728971962615,243.0,375.0,64.8,105.0,21.78423236514523,22.51434480337222,98.77,26.470588235294116,14.705882352941176,5.882352941176471,55.55555555555556,40.0,38.23529411764706,3.4482758620689653,31.0,32.0,96.875,4.0,198.0,119.0,166.38655462184875,25.548387096774192,14.293614229924334
Mayank Agarwal,Mayank Agarwal,Batter,RCB,NO,38.0,971.0,741.0,1271.0,37.0,1.0,26.243243243243242,131.0391363022942,25.55263157894737,19.5,33.44736842105263,12.0,6.0,2.0,99.0,8.0,4.0,102.0,31.0,133.0,594.0,61.174047373841404,17.94871794871795,2.6842105263157894,0.8157894736842105,3.2903225806451615,7.264705882352941,23.903225806451612,5.571428571428571,377.0,608.0,62.00657894736842,189.0,25.521067626330787,24.436013927631656,95.63,31.57894736842105,15.789473684210526,5.2631578947368425,50.0,33.333333333333336,31.57894736842105,5.405405405405405,207.0,186.0,111.29032258064517,21.318228630278064,83.0,46.0,180.43478260869566,8.54788877445932,13.058739612188367
Phil Salt,Phil Salt,WK-Batter,RCB,NO,19.0,621.0,353.0,527.0,18.0,1.0,34.5,175.92067988668555,32.68421052631579,18.57894736842105,27.736842105263158,9.0,6.0,3.0,89.0,14.0,6.0,72.0,31.0,103.0,474.0,76.32850241545894,29.178470254957507,3.789473684210526,1.631578947368421,2.3225806451612905,4.902777777777778,11.387096774193548,3.4271844660194173,147.0,250.0,58.8,86.0,24.55146364494806,30.983961140454852,94.8,47.36842105263158,31.57894736842105,15.789473684210526,66.66666666666667,50.0,31.57894736842105,16.666666666666668,133.0,76.0,175.0,21.4170692431562,0.0,0.0,0.0,0.0,11.499657074698076
Rajat Patidar,Rajat Patidar,Batter,RCB,NO,21.0,672.0,426.0,700.0,20.0,1.0,33.6,157.74647887323943,32.0,20.285714285714285,33.333333333333336,10.0,7.0,1.0,112.0,12.0,7.0,44.0,45.0,89.0,446.0,66.36904761904762,20.892018779342724,2.0952380952380953,2.142857142857143,0.9777777777777777,9.681818181818182,9.466666666666667,4.786516853932584,226.0,337.0,67.06231454005935,85.0,20.161711006781427,27.16615541441225,84.89,47.61904761904762,33.333333333333336,4.761904761904762,70.0,14.285714285714286,28.571428571428573,5.0,9.0,13.0,69.23076923076923,1.3392857142857142,3.0,4.0,75.0,0.44642857142857145,11.105352112676057
Romario Shepherd,Romario Shepherd,All-Rounder,RCB,NO,8.0,114.0,62.0,100.0,5.0,3.0,22.8,183.8709677419355,14.25,7.75,12.5,1.0,0.0,0.0,39.0,3.0,4.0,7.0,10.0,17.0,88.0,77.19298245614036,27.419354838709676,0.875,1.25,0.7,8.857142857142858,6.2,3.6470588235294117,26.0,45.0,57.77777777777778,16.0,25.985663082437277,14.340253036221402,100.63,12.5,0.0,0.0,0.0,0.0,50.0,20.0,0.0,0.0,0.0,0.0,10.0,12.0,83.33333333333333,8.771929824561404,2.882177419354839
Swapnil Singh,Swapnil Singh,All-Rounder,RCB,NO,4.0,30.0,20.0,38.0,1.0,3.0,30.0,150.0,7.5,5.0,9.5,0.0,0.0,0.0,15.0,2.0,1.0,3.0,2.0,5.0,24.0,80.0,25.0,0.75,0.5,1.5,6.666666666666667,10.0,4.0,6.0,15.0,40.0,8.0,41.66666666666667,7.047458170621991,93.97,0.0,0.0,0.0,0.0,0.0,50.0,0.0,0.0,0.0,0.0,0.0,12.0,6.0,200.0,40.0,0.7875
Tim David,Tim David,All-Rounder,RCB,NO,33.0,635.0,371.0,667.0,22.0,11.0,28.863636363636363,171.15902964959568,19.242424242424242,11.242424242424242,20.21212121212121,10.0,0.0,0.0,46.0,3.0,5.0,37.0,44.0,81.0,412.0,64.88188976377953,21.83288409703504,1.121212121212121,1.3333333333333333,0.8409090909090909,10.027027027027026,8.431818181818182,4.580246913580247,223.0,290.0,76.89655172413794,42.0,11.380652890086854,15.147256977400032,78.72,30.303030303030305,0.0,0.0,0.0,0.0,27.272727272727273,9.090909090909092,0.0,0.0,0.0,0.0,279.0,181.0,154.14364640883977,43.93700787401575,14.491464510332433
Tim Seifert,Tim Seifert,WK-Batter,RCB,NO,3.0,26.0,23.0,36.0,3.0,0.0,8.666666666666666,113.04347826086956,8.666666666666666,7.666666666666667,12.0,0.0,0.0,0.0,21.0,4.0,0.0,4.0,0.0,4.0,16.0,61.53846153846154,17.391304347826086,1.3333333333333333,0.0,0.0,5.75,0.0,5.75,10.0,19.0,52.63157894736842,7.0,34.29951690821256,10.692676621563626,123.38,0.0,0.0,0.0,0.0,0.0,66.66666666666667,0.0,24.0,19.0,126.3157894736842,92.3076923076923,2.0,4.0,50.0,7.6923076923076925,0.29391304347826086
Virat Kohli,Virat Kohli,Batter,RCB,NO,57.0,2019.0,1503.0,2347.0,50.0,7.0,40.38,134.3313373253493,35.421052631578945,26.36842105263158,41.175438596491226,29.0,19.0,10.0,113.0,13.0,6.0,195.0,63.0,258.0,1158.0,57.35512630014859,17.16566866267465,3.4210526315789473,1.105263157894737,3.0952380952380953,7.707692307692308,23.857142857142858,5.825581395348837,861.0,1245.0,69.1566265060241,288.0,19.183854513195833,30.25719947881416,85.42,50.87719298245614,33.333333333333336,17.54385964912281,65.51724137931035,52.63157894736842,28.07017543859649,8.0,159.0,144.0,110.41666666666667,7.8751857355126305,430.0,300.0,143.33333333333334,21.29767211490837,30.452207164618127
Dhruv Jurel,Dhruv Jurel,WK-Batter,RR,NO,18.0,255.0,167.0,293.0,12.0,6.0,21.25,152.69461077844312,14.166666666666666,9.277777777777779,16.27777777777778,4.0,1.0,0.0,52.0,5.0,2.0,20.0,12.0,32.0,152.0,59.6078431372549,19.161676646706585,1.1111111111111112,0.6666666666666666,1.6666666666666667,8.35,13.916666666666666,5.21875,103.0,135.0,76.29629629629629,20.0,12.308715901530274,15.073350070669134,106.4,22.22222222222222,5.555555555555555,0.0,25.0,0.0,55.55555555555556,8.333333333333334,0.0,0.0,0.0,0.0,87.0,64.0,135.9375,34.11764705882353,5.191616766467066
Nitish Rana,Nitish Rana,All-Rounder,RR,NO,44.0,1161.0,859.0,1463.0,39.0,5.0,29.76923076923077,135.15715948777648,26.386363636363637,19.522727272727273,33.25,17.0,7.0,2.0,80.0,9.0,6.0,103.0,59.0,162.0,766.0,65.97760551248923,18.859138533178115,2.340909090909091,1.3409090909090908,1.7457627118644068,8.339805825242719,14.559322033898304,5.302469135802469,395.0,697.0,56.67144906743185,258.0,30.047859267882554,21.227686954684646,80.45,38.63636363636363,15.909090909090908,4.545454545454546,41.1764705882353,28.571428571428573,29.545454545454547,7.6923076923076925,40.0,44.0,90.9090909090909,3.4453057708871664,370.0,239.0,154.81171548117155,31.869078380706288,17.474899195682084
Riyan Parag,Riyan Parag,Batter,RR,NO,41.0,790.0,560.0,877.0,33.0,8.0,23.939393939393938,141.07142857142858,19.26829268292683,13.658536585365853,21.390243902439025,7.0,5.0,3.0,84.0,8.0,6.0,52.0,47.0,99.0,490.0,62.0253164556962,17.678571428571427,1.2682926829268293,1.146341463414634,1.1063829787234043,10.76923076923077,11.914893617021276,5.656565656565657,300.0,461.0,65.0759219088937,127.0,22.79761904761905,21.57431851790909,111.97,17.073170731707318,12.195121951219512,7.317073170731708,71.42857142857143,60.0,46.34146341463415,6.0606060606060606,0.0,0.0,0.0,0.0,263.0,191.0,137.69633507853402,33.29113924050633,13.319207317073172
Sanju Samson,Sanju Samson,WK-Batter,RR,NO,56.0,1775.0,1190.0,2003.0,47.0,9.0,37.765957446808514,149.1596638655462,31.696428571428573,21.25,35.767857142857146,25.0,13.0,6.0,119.0,12.0,7.0,157.0,90.0,247.0,1168.0,65.80281690140845,20.756302521008404,2.8035714285714284,1.6071428571428572,1.7444444444444445,7.579617834394904,13.222222222222221,4.817813765182186,607.0,943.0,64.36903499469777,268.0,22.56769374416433,27.383418767141247,86.39,44.642857142857146,23.214285714285715,10.714285714285714,52.0,46.15384615384615,23.214285714285715,6.382978723404255,49.0,52.0,94.23076923076923,2.76056338028169,461.0,292.0,157.87671232876713,25.971830985915492,30.730886104441776
Shimron Hetmyer,Shimron Hetmyer,Batter,RR,NO,48.0,938.0,590.0,1069.0,25.0,23.0,37.52,158.98305084745763,19.541666666666668,12.291666666666666,22.270833333333332,13.0,3.0,0.0,59.0,5.0,6.0,58.0,62.0,120.0,604.0,64.39232409381663,20.338983050847457,1.2083333333333333,1.2916666666666667,0.9354838709677419,10.172413793103448,9.516129032258064,4.916666666666667,334.0,470.0,71.06382978723404,98.0,16.76082862523541,16.301622857906462,83.42,27.083333333333332,6.25,0.0,23.076923076923077,0.0,37.5,12.0,0.0,0.0,0.0,0.0,308.0,205.0,150.2439024390244,32.83582089552239,22.058235875706217
Shubham Dubey,Shubham Dubey,Batter,RR,NO,2.0,33.0,18.0,34.0,1.0,1.0,33.0,183.33333333333334,16.5,9.0,17.0,0.0,0.0,0.0,25.0,2.0,2.0,3.0,2.0,5.0,24.0,72.72727272727273,27.77777777777778,1.5,1.0,1.5,6.0,9.0,3.6,9.0,13.0,69.23076923076923,3.0,16.666666666666668,12.020815280171307,72.85,0.0,0.0,0.0,0.0,0.0,50.0,0.0,0.0,0.0,0.0,0.0,25.0,12.0,208.33333333333334,75.75757575757575,0.9075
Yashasvi Jaiswal,Yashasvi Jaiswal,Batter,RR,NO,45.0,1452.0,947.0,1560.0,43.0,2.0,33.76744186046512,153.32629355860612,32.266666666666666,21.044444444444444,34.666666666666664,20.0,11.0,4.0,124.0,16.0,8.0,180.0,58.0,238.0,1068.0,73.55371900826447,25.131995776135163,4.0,1.288888888888889,3.103448275862069,5.261111111111111,16.32758620689655,3.9789915966386555,384.0,709.0,54.160789844851905,282.0,29.81344596972897,29.539957530590506,91.55,44.44444444444444,24.444444444444443,8.88888888888889,55.0,36.36363636363637,22.22222222222222,6.976744186046512,259.0,202.0,128.21782178217822,17.83746556473829,124.0,62.0,200.0,8.539944903581267,23.252443505807815
Yudhvir Singh,Yudhvir Singh,All-Rounder,RR,NO,3.0,8.0,9.0,12.0,3.0,0.0,2.6666666666666665,88.88888888888889,2.6666666666666665,3.0,4.0,0.0,0.0,0.0,7.0,0.0,1.0,0.0,1.0,1.0,6.0,75.0,11.11111111111111,0.0,0.3333333333333333,0.0,0.0,9.0,9.0,2.0,8.0,25.0,5.0,64.19753086419752,3.785938897200183,141.97,0.0,0.0,0.0,0.0,0.0,100.0,33.333333333333336,0.0,0.0,0.0,0.0,1.0,2.0,50.0,12.5,0.07111111111111111
Abhinav Manohar,Abhinav Manohar,Batter,SRH,NO,15.0,231.0,174.0,257.0,14.0,1.0,16.5,132.75862068965517,15.4,11.6,17.133333333333333,3.0,0.0,0.0,43.0,5.0,3.0,21.0,10.0,31.0,144.0,62.33766233766234,17.816091954022987,1.4,0.6666666666666666,2.1,8.285714285714286,17.4,5.612903225806452,87.0,143.0,60.83916083916084,46.0,26.62835249042146,15.430952197265265,100.2,20.0,0.0,0.0,0.0,0.0,46.666666666666664,7.142857142857143,12.0,12.0,100.0,5.194805194805195,133.0,94.0,141.48936170212767,57.57575757575758,3.2711724137931033
Abhishek Sharma,Abhishek Sharma,All-Rounder,SRH,NO,44.0,1151.0,747.0,1193.0,42.0,2.0,27.404761904761905,154.0829986613119,26.15909090909091,16.977272727272727,27.113636363636363,20.0,6.0,2.0,75.0,12.0,7.0,112.0,58.0,170.0,796.0,69.15725456125108,22.757697456492636,2.5454545454545454,1.3181818181818181,1.9310344827586208,6.669642857142857,12.879310344827585,4.394117647058824,355.0,577.0,61.52512998266898,182.0,24.438494719619218,21.660104985699938,82.8,45.45454545454545,13.636363636363637,4.545454545454546,30.0,33.333333333333336,31.818181818181817,4.761904761904762,238.0,182.0,130.76923076923077,20.677671589921808,130.0,86.0,151.1627906976744,11.294526498696785,18.54108737982232
Atharva Taide,Atharva Taide,Batter,SRH,NO,7.0,146.0,99.0,177.0,7.0,0.0,20.857142857142858,147.4747474747475,20.857142857142858,14.142857142857142,25.285714285714285,1.0,1.0,0.0,66.0,8.0,2.0,17.0,4.0,21.0,92.0,63.013698630136986,21.21212121212121,2.4285714285714284,0.5714285714285714,4.25,5.823529411764706,24.75,4.714285714285714,54.0,78.0,69.23076923076923,18.0,18.181818181818183,22.071312990913274,105.82,14.285714285714286,14.285714285714286,0.0,100.0,0.0,28.571428571428573,14.285714285714286,38.0,29.0,131.0344827586207,26.027397260273972,0.0,0.0,0.0,0.0,2.1531313131313135
Harshal Patel,Harshal Patel,All-Rounder,SRH,NO,22.0,121.0,110.0,222.0,14.0,8.0,8.642857142857142,110.0,5.5,5.0,10.090909090909092,1.0,0.0,0.0,31.0,3.0,2.0,11.0,6.0,17.0,80.0,66.11570247933884,15.454545454545455,0.5,0.2727272727272727,1.8333333333333333,10.0,18.333333333333332,6.470588235294118,41.0,93.0,44.086021505376344,47.0,43.13131313131313,7.216053531635458,131.2,4.545454545454546,0.0,0.0,0.0,0.0,77.27272727272727,50.0,0.0,0.0,0.0,0.0,66.0,50.0,132.0,54.54545454545455,1.815
Heinrich Klaasen,Heinrich Klaasen,WK-Batter,SRH,NO,22.0,787.0,435.0,662.0,17.0,5.0,46.294117647058826,180.91954022988506,35.77272727272727,19.772727272727273,30.09090909090909,11.0,6.0,2.0,104.0,8.0,8.0,44.0,56.0,100.0,512.0,65.0571791613723,22.988505747126435,2.0,2.5454545454545454,0.7857142857142857,9.886363636363637,7.767857142857143,4.35,275.0,335.0,82.08955223880596,29.0,6.768837803320565,26.665354404941358,74.54,50.0,27.272727272727273,9.090909090909092,54.54545454545455,33.333333333333336,13.636363636363637,0.0,7.0,3.0,233.33333333333334,0.8894536213468869,411.0,232.0,177.1551724137931,52.22363405336722,17.4743605015674
Ishan Kishan,Ishan Kishan,WK-Batter,SRH,NO,50.0,1321.0,999.0,1715.0,48.0,2.0,27.520833333333332,132.23223223223223,26.42,19.98,34.3,19.0,8.0,3.0,84.0,11.0,5.0,144.0,48.0,192.0,864.0,65.40499621498864,19.21921921921922,2.88,0.96,3.0,6.9375,20.8125,5.203125,457.0,807.0,56.62949194547708,299.0,29.95217439661884,22.022335600615172,83.35,38.0,16.0,6.0,42.10526315789474,37.5,26.0,6.25,224.0,171.0,130.99415204678363,16.95685087055261,155.0,122.0,127.04918032786885,11.733535200605601,18.166592992992996
Nitish Kumar Reddy,Nitish Kumar Reddy,All-Rounder,SRH,NO,7.0,239.0,157.0,178.0,5.0,2.0,47.8,152.22929936305732,34.142857142857146,22.428571428571427,25.428571428571427,3.0,2.0,1.0,76.0,4.0,8.0,12.0,17.0,29.0,150.0,62.76150627615063,18.471337579617835,1.7142857142857142,2.4285714285714284,0.7058823529411765,13.083333333333334,9.235294117647058,5.413793103448276,89.0,128.0,69.53125,29.0,18.542108987968863,26.047575520116848,76.29,42.857142857142854,28.571428571428573,14.285714285714286,66.66666666666667,50.0,0.0,0.0,0.0,0.0,0.0,0.0,101.0,64.0,157.8125,42.25941422594142,4.677788898999089
Sachin Baby,Sachin Baby,Batter,SRH,NO,1.0,7.0,17.0,28.0,1.0,0.0,7.0,41.1764705882353,7.0,17.0,28.0,0.0,0.0,0.0,7.0,0.0,0.0,0.0,0.0,0.0,0.0,0.0,0.0,0.0,0.0,0.0,0.0,0.0,0.0,7.0,17.0,41.1764705882353,9.0,54.248366013071895,0.0,0.0,0.0,0.0,0.0,0.0,0.0,100.0,0.0,0.0,0.0,0.0,0.0,0.0,0.0,0.0,0.0,0.028823529411764706
Travis Head,Travis Head,Batter,SRH,NO,11.0,533.0,264.0,376.0,10.0,1.0,53.3,201.8939393939394,48.45454545454545,24.0,34.18181818181818,7.0,5.0,3.0,102.0,11.0,8.0,61.0,31.0,92.0,430.0,80.67542213883678,34.84848484848485,5.545454545454546,2.8181818181818183,1.967741935483871,4.327868852459017,8.516129032258064,2.869565217391304,103.0,172.0,59.883720930232556,57.0,21.801346801346803,34.445213415984625,71.09,63.63636363636363,45.45454545454545,27.272727272727273,71.42857142857143,60.0,9.090909090909092,0.0,35.0,25.0,140.0,6.566604127579738,0.0,0.0,0.0,0.0,11.739214876033056
Azmatullah Omarzai,Azmatullah Omarzai,All-Rounder,PK,NO,4.0,42.0,33.0,50.0,4.0,0.0,10.5,127.27272727272727,10.5,8.25,12.5,0.0,0.0,0.0,17.0,1.0,1.0,2.0,2.0,4.0,20.0,47.61904761904762,12.121212121212121,0.5,0.5,1.0,16.5,16.5,8.25,22.0,29.0,75.86206896551724,4.0,13.80471380471381,6.8068592855540455,64.83,0.0,0.0,0.0,0.0,0.0,25.0,0.0,0.0,0.0,0.0,0.0,0.0,0.0,0.0,0.0,0.5345454545454545
Glenn Maxwell,Glenn Maxwell,All-Rounder,PK,NO,48.0,1250.0,789.0,1182.0,42.0,6.0,29.761904761904763,158.42839036755387,26.041666666666668,16.4375,24.625,18.0,12.0,3.0,78.0,9.0,8.0,112.0,68.0,180.0,856.0,68.48,22.813688212927758,2.3333333333333335,1.4166666666666667,1.6470588235294117,7.044642857142857,11.602941176470589,4.383333333333334,394.0,609.0,64.69622331691298,171.0,21.701168849457822,24.298636975461157,93.31,37.5,25.0,6.25,66.66666666666667,25.0,35.416666666666664,16.666666666666668,40.0,29.0,137.93103448275863,3.2,455.0,292.0,155.82191780821918,36.4,22.278992395437264
Harpreet Brar,Harpreet Brar,All-Rounder,PK,NO,22.0,213.0,177.0,321.0,10.0,12.0,21.3,120.33898305084746,9.681818181818182,8.045454545454545,14.590909090909092,0.0,0.0,0.0,29.0,4.0,2.0,17.0,8.0,25.0,116.0,54.460093896713616,14.124293785310735,0.7727272727272727,0.36363636363636365,2.125,10.411764705882353,22.125,7.08,97.0,152.0,63.81578947368421,44.0,24.984306340238547,8.53779476176017,88.18,0.0,0.0,0.0,0.0,0.0,59.09090909090909,0.0,0.0,0.0,0.0,0.0,83.0,61.0,136.0655737704918,38.967136150234744,3.9613405238828965
Marco Jansen,Marco Jansen,All-Rounder,PK,NO,13.0,66.0,66.0,127.0,7.0,6.0,9.428571428571429,100.0,5.076923076923077,5.076923076923077,9.76923076923077,0.0,0.0,0.0,17.0,3.0,1.0,5.0,2.0,7.0,32.0,48.484848484848484,10.606060606060606,0.38461538461538464,0.15384615384615385,2.5,13.2,33.0,9.428571428571429,34.0,59.0,57.6271186440678,21.0,32.15488215488215,6.460927932084504,127.26,0.0,0.0,0.0,0.0,0.0,76.92307692307692,42.857142857142854,0.0,0.0,0.0,0.0,15.0,15.0,100.0,22.727272727272727,0.9646153846153848
Marcus Stoinis,Marcus Stoinis,All-Rounder,PK,NO,43.0,1002.0,680.0,1124.0,34.0,9.0,29.470588235294116,147.35294117647058,23.302325581395348,15.813953488372093,26.13953488372093,10.0,6.0,3.0,124.0,13.0,8.0,78.0,57.0,135.0,654.0,65.26946107784431,19.852941176470587,1.813953488372093,1.3255813953488371,1.368421052631579,8.717948717948717,11.929824561403509,5.037037037037037,348.0,545.0,63.85321100917431,158.0,23.284313725490204,26.52988870053739,113.85,23.25581395348837,13.953488372093023,6.976744186046512,60.0,50.0,34.883720930232556,14.705882352941176,3.0,9.0,33.333333333333336,0.2994011976047904,223.0,145.0,153.79310344827587,22.255489021956087,17.855064295485633
Nehal Wadhera,Nehal Wadhera,Batter,PK,NO,13.0,340.0,240.0,365.0,12.0,1.0,28.333333333333332,141.66666666666666,26.153846153846153,18.46153846153846,28.076923076923077,5.0,2.0,0.0,64.0,8.0,4.0,31.0,18.0,49.0,232.0,68.23529411764706,20.416666666666668,2.3846153846153846,1.3846153846153846,1.7222222222222223,7.741935483870968,13.333333333333334,4.8979591836734695,108.0,191.0,56.544502617801044,71.0,29.583333333333332,21.493588787691063,82.18,38.46153846153846,15.384615384615385,0.0,40.0,0.0,30.76923076923077,8.333333333333334,4.0,3.0,133.33333333333334,1.1764705882352942,238.0,170.0,140.0,70.0,5.1871794871794865
Prabhsimran Singh,Prabhsimran Singh,WK-Batter,PK,NO,28.0,626.0,417.0,630.0,28.0,0.0,22.357142857142858,150.1199040767386,22.357142857142858,14.892857142857142,22.5,8.0,3.0,1.0,103.0,10.0,6.0,63.0,36.0,99.0,468.0,74.76038338658147,23.741007194244606,2.25,1.2857142857142858,1.75,6.619047619047619,11.583333333333334,4.212121212121212,158.0,318.0,49.685534591194966,142.0,34.15933919531042,22.983430884837347,102.8,28.571428571428573,10.714285714285714,3.5714285714285716,37.5,33.333333333333336,35.714285714285715,10.714285714285714,204.0,145.0,140.68965517241378,32.587859424920126,103.0,65.0,158.46153846153845,16.45367412140575,9.397505995203836
Shashank Singh,Shashank Singh,Batter,PK,NO,17.0,421.0,256.0,415.0,10.0,7.0,42.1,164.453125,24.764705882352942,15.058823529411764,24.41176470588235,5.0,2.0,0.0,68.0,6.0,8.0,33.0,25.0,58.0,282.0,66.9833729216152,22.65625,1.9411764705882353,1.4705882352941178,1.32,7.757575757575758,10.24,4.413793103448276,139.0,198.0,70.20202020202021,43.0,17.013888888888896,19.75009307498545,79.75,29.41176470588235,11.764705882352942,0.0,40.0,0.0,29.41176470588235,10.0,0.0,0.0,0.0,0.0,34.0,36.0,94.44444444444444,8.076009501187649,9.774319852941176
Shreyas Iyer,Shreyas Iyer,Batter,PK,NO,33.0,856.0,671.0,1157.0,26.0,7.0,32.92307692307692,127.57078986587183,25.939393939393938,20.333333333333332,35.06060606060606,14.0,4.0,1.0,85.0,7.0,4.0,75.0,26.0,101.0,456.0,53.271028037383175,15.052160953800298,2.272727272727273,0.7878787878787878,2.8846153846153846,8.946666666666667,25.807692307692307,6.643564356435643,400.0,570.0,70.17543859649123,125.0,18.7117072362974,19.209274117498875,74.05,42.42424242424242,12.121212121212121,3.0303030303030303,28.571428571428573,25.0,21.21212121212121,3.8461538461538463,25.0,36.0,69.44444444444444,2.9205607476635516,256.0,173.0,147.97687861271677,29.906542056074766,13.236435893961973
Vishnu Vinod,Vishnu Vinod,WK-Batter,PK,NO,3.0,37.0,31.0,64.0,3.0,0.0,12.333333333333334,119.35483870967742,12.333333333333334,10.333333333333334,21.333333333333332,1.0,0.0,0.0,30.0,2.0,2.0,2.0,2.0,4.0,20.0,54.054054054054056,12.903225806451612,0.6666666666666666,0.6666666666666666,1.0,15.5,15.5,7.75,17.0,27.0,62.96296296296296,8.0,26.164874551971327,15.373136743466938,124.65,33.333333333333336,0.0,0.0,0.0,0.0,66.66666666666667,0.0,0.0,0.0,0.0,0.0,2.0,4.0,50.0,5.405405405405405,0.44161290322580643
Andre Siddarth,,Batter,CSK,YES,0.0,0.0,0.0,0.0,0.0,0.0,0.0,0.0,0.0,0.0,0.0,0.0,0.0,0.0,0.0,0.0,0.0,0.0,0.0,0.0,0.0,0.0,0.0,0.0,0.0,0.0,0.0,0.0,0.0,0.0,0.0,0.0,0.0,0.0,0.0,0.0,0.0,0.0,0.0,0.0,0.0,0.0,0.0,0.0,0.0,0.0,0.0,0.0,0.0,0.0,0.0,0.0
Anshul Kamboj,,All-Rounder,CSK,YES,0.0,0.0,0.0,0.0,0.0,0.0,0.0,0.0,0.0,0.0,0.0,0.0,0.0,0.0,0.0,0.0,0.0,0.0,0.0,0.0,0.0,0.0,0.0,0.0,0.0,0.0,0.0,0.0,0.0,0.0,0.0,0.0,0.0,0.0,0.0,0.0,0.0,0.0,0.0,0.0,0.0,0.0,0.0,0.0,0.0,0.0,0.0,0.0,0.0,0.0,0.0,0.0
Ayush Mhatre,,Batter,CSK,YES,8.0,258.0,142.0,0.0,8.0,0.0,32.25,181.69014084507043,32.25,17.75,0.0,3.0,1.0,0.0,94.0,6.0,3.0,32.0,13.0,45.0,206.0,79.84496124031008,31.690140845070424,4.0,1.625,2.4615384615384617,4.4375,10.923076923076923,3.1555555555555554,52.0,97.0,53.608247422680414,39.0,27.621283255086073,0.0,0.0,37.5,12.5,0.0,33.333333333333336,0.0,0.0,0.0,0.0,0.0,0.0,0.0,0.0,0.0,0.0,0.0,4.687605633802818
Jamie Overton,,All-Rounder,CSK,YES,126.0,1687.0,1068.0,0.0,82.0,44.0,20.573170731707318,157.95880149812734,13.38888888888889,8.476190476190476,0.0,0.0,0.0,0.0,0.0,0.0,0.0,0.0,0.0,0.0,0.0,0.0,0.0,0.0,0.0,0.0,0.0,0.0,0.0,1687.0,1068.0,157.95880149812734,0.0,0.0,0.0,0.0,0.0,0.0,0.0,0.0,0.0,0.0,0.0,0.0,0.0,0.0,0.0,0.0,0.0,0.0,0.0,35.9531783187682
Ramakrishna Ghosh,,All-Rounder,CSK,YES,7.0,42.0,27.0,0.0,5.0,2.0,8.4,155.55555555555554,6.0,3.857142857142857,0.0,0.0,0.0,0.0,13.0,2.0,1.0,4.0,2.0,6.0,28.0,66.66666666666667,22.22222222222222,0.5714285714285714,0.2857142857142857,2.0,6.75,13.5,4.5,14.0,21.0,66.66666666666667,5.0,20.164609053497944,0.0,0.0,0.0,0.0,0.0,0.0,0.0,0.0,0.0,0.0,0.0,0.0,0.0,0.0,0.0,0.0,0.0,0.8399999999999999
Shaik Rasheed,,Batter,CSK,YES,21.0,434.0,350.0,0.0,18.0,3.0,24.11111111111111,124.0,20.666666666666668,16.666666666666668,0.0,5.0,1.0,1.0,100.0,7.0,3.0,45.0,13.0,58.0,258.0,59.44700460829493,16.571428571428573,2.142857142857143,0.6190476190476191,3.4615384615384617,7.777777777777778,26.923076923076923,6.0344827586206895,176.0,292.0,60.273972602739725,96.0,27.555555555555557,0.0,0.0,23.80952380952381,4.761904761904762,4.761904761904762,20.0,100.0,0.0,0.0,0.0,0.0,0.0,0.0,0.0,0.0,0.0,0.0,6.1504
Urvil Patel,,WK-Batter,CSK,YES,51.0,1349.0,751.0,0.0,47.0,4.0,28.70212765957447,179.6271637816245,26.45098039215686,14.72549019607843,0.0,20.0,4.0,3.0,119.0,8.0,5.0,151.0,70.0,221.0,1024.0,75.90808005930319,29.427430093209054,2.9607843137254903,1.3725490196078431,2.157142857142857,4.973509933774834,10.728571428571428,3.3981900452488687,325.0,530.0,61.320754716981135,168.0,22.488533806776154,0.0,0.0,39.21568627450981,7.8431372549019605,5.882352941176471,20.0,75.0,0.0,0.0,0.0,0.0,0.0,0.0,0.0,0.0,0.0,0.0,26.13223022897574
Vansh Bedi,,WK-Batter,CSK,YES,0.0,0.0,0.0,0.0,0.0,0.0,0.0,0.0,0.0,0.0,0.0,0.0,0.0,0.0,0.0,0.0,0.0,0.0,0.0,0.0,0.0,0.0,0.0,0.0,0.0,0.0,0.0,0.0,0.0,0.0,0.0,0.0,0.0,0.0,0.0,0.0,0.0,0.0,0.0,0.0,0.0,0.0,0.0,0.0,0.0,0.0,0.0,0.0,0.0,0.0,0.0,0.0
Ajay Mandal,,All-Rounder,DC,YES,45.0,457.0,344.0,0.0,35.0,10.0,13.057142857142857,132.84883720930233,10.155555555555555,7.644444444444445,0.0,4.0,0.0,0.0,49.0,4.0,2.0,31.0,24.0,55.0,268.0,58.64332603938731,15.988372093023257,0.6888888888888889,0.5333333333333333,1.2916666666666667,11.096774193548388,14.333333333333334,6.254545454545455,189.0,289.0,65.39792387543253,79.0,22.96511627906977,0.0,0.0,8.88888888888889,0.0,0.0,0.0,0.0,0.0,0.0,0.0,0.0,0.0,0.0,0.0,0.0,0.0,0.0,7.420345607235143
Madhav Tiwari,,All-Rounder,DC,YES,0.0,0.0,0.0,0.0,0.0,0.0,0.0,0.0,0.0,0.0,0.0,0.0,0.0,0.0,0.0,0.0,0.0,0.0,0.0,0.0,0.0,0.0,0.0,0.0,0.0,0.0,0.0,0.0,0.0,0.0,0.0,0.0,0.0,0.0,0.0,0.0,0.0,0.0,0.0,0.0,0.0,0.0,0.0,0.0,0.0,0.0,0.0,0.0,0.0,0.0,0.0,0.0
Manvanth Kumar,,All-Rounder,DC,YES,2.0,21.0,15.0,0.0,1.0,1.0,21.0,140.0,10.5,7.5,0.0,0.0,0.0,0.0,13.0,2.0,0.0,2.0,0.0,2.0,8.0,38.095238095238095,13.333333333333334,1.0,0.0,0.0,7.5,0.0,7.5,13.0,13.0,100.0,0.0,0.0,0.0,0.0,0.0,0.0,0.0,0.0,0.0,0.0,0.0,0.0,0.0,0.0,0.0,0.0,0.0,0.0,0.0,0.441
Sediqullah Atal,,Batter,DC,YES,22.0,470.0,399.0,0.0,20.0,2.0,23.5,117.79448621553885,21.363636363636363,18.136363636363637,0.0,5.0,3.0,1.0,73.0,6.0,3.0,30.0,23.0,53.0,258.0,54.8936170212766,13.283208020050125,1.3636363636363635,1.0454545454545454,1.3043478260869565,13.3,17.347826086956523,7.528301886792453,212.0,346.0,61.27167630057804,110.0,27.680311890838208,0.0,0.0,22.727272727272727,13.636363636363637,4.545454545454546,60.0,33.333333333333336,0.0,0.0,0.0,0.0,0.0,0.0,0.0,0.0,0.0,0.0,6.039644565960355
Tripurana Vijay,,All-Rounder,DC,YES,4.0,46.0,53.0,0.0,4.0,0.0,11.5,86.79245283018868,11.5,13.25,0.0,0.0,0.0,0.0,23.0,2.0,1.0,4.0,1.0,5.0,22.0,47.82608695652174,9.433962264150944,1.0,0.25,4.0,13.25,53.0,10.6,24.0,48.0,50.0,21.0,40.25157232704403,0.0,0.0,0.0,0.0,0.0,0.0,0.0,0.0,0.0,0.0,0.0,0.0,0.0,0.0,0.0,0.0,0.0,0.3992452830188679
Vipraj Nigam,,All-Rounder,DC,YES,13.0,206.0,120.0,0.0,11.0,2.0,18.727272727272727,171.66666666666666,15.846153846153847,9.23076923076923,0.0,2.0,0.0,0.0,39.0,3.0,2.0,22.0,11.0,33.0,154.0,74.75728155339806,27.5,1.6923076923076923,0.8461538461538461,2.0,5.454545454545454,10.909090909090908,3.6363636363636362,52.0,87.0,59.770114942528735,29.0,24.35185185185185,0.0,0.0,15.384615384615385,0.0,0.0,0.0,0.0,0.0,0.0,0.0,0.0,0.0,0.0,0.0,0.0,0.0,0.0,4.080384615384614
Karim Janat,,All-Rounder,GT,YES,147.0,2817.0,2057.0,0.0,124.0,23.0,22.717741935483872,136.9470102090423,19.163265306122447,13.993197278911564,0.0,35.0,12.0,5.0,120.0,9.0,6.0,210.0,161.0,371.0,1806.0,64.11075612353568,18.035974720466697,1.4285714285714286,1.0952380952380953,1.3043478260869565,9.795238095238096,12.77639751552795,5.544474393530997,1011.0,1686.0,59.9644128113879,562.0,27.353751417922542,0.0,0.0,23.80952380952381,8.16326530612245,3.401360544217687,34.285714285714285,41.666666666666664,0.0,0.0,0.0,0.0,0.0,0.0,0.0,0.0,0.0,0.0,44.61398212177433
Kusal Mendis,,Batter,GT,YES,94.0,2272.0,1738.0,0.0,89.0,5.0,25.528089887640448,130.72497123130034,24.170212765957448,18.48936170212766,0.0,30.0,17.0,3.0,86.0,6.0,6.0,200.0,91.0,291.0,1346.0,59.24295774647887,16.743383199079403,2.127659574468085,0.9680851063829787,2.197802197802198,8.69,19.0989010989011,5.972508591065292,926.0,1447.0,63.994471319972355,418.0,24.057025955760132,0.0,0.0,31.914893617021278,18.085106382978722,3.1914893617021276,56.666666666666664,17.647058823529413,0.0,0.0,0.0,0.0,0.0,0.0,0.0,0.0,0.0,0.0,31.28053864799353
Nishant Sindhu,,All-Rounder,GT,YES,25.0,554.0,421.0,0.0,21.0,4.0,26.38095238095238,131.5914489311164,22.16,16.84,0.0,6.0,2.0,2.0,100.0,5.0,4.0,47.0,20.0,67.0,308.0,55.5956678700361,15.914489311163896,1.88,0.8,2.35,8.957446808510639,21.05,6.2835820895522385,246.0,354.0,69.49152542372882,80.0,19.160728424386388,0.0,0.0,24.0,8.0,8.0,33.333333333333336,100.0,0.0,0.0,0.0,0.0,0.0,0.0,0.0,0.0,0.0,0.0,8.456592874109264
Luvnith Sisodia,,WK-Batter,KKR,YES,9.0,124.0,97.0,0.0,9.0,0.0,13.777777777777779,127.83505154639175,13.777777777777779,10.777777777777779,0.0,2.0,0.0,0.0,38.0,2.0,2.0,15.0,4.0,19.0,84.0,67.74193548387096,19.587628865979383,1.6666666666666667,0.4444444444444444,3.75,6.466666666666667,24.25,5.105263157894737,40.0,78.0,51.282051282051285,33.0,34.59335624284078,0.0,0.0,22.22222222222222,0.0,0.0,0.0,0.0,0.0,0.0,0.0,0.0,0.0,0.0,0.0,0.0,0.0,0.0,1.5851546391752578
Aryan Juyal,,WK-Batter,LSG,YES,22.0,598.0,447.0,0.0,17.0,5.0,35.1764705882353,133.7807606263982,27.181818181818183,20.318181818181817,0.0,10.0,5.0,2.0,93.0,6.0,4.0,67.0,17.0,84.0,370.0,61.87290969899666,18.79194630872483,3.0454545454545454,0.7727272727272727,3.9411764705882355,6.6716417910447765,26.294117647058822,5.321428571428571,228.0,363.0,62.8099173553719,109.0,24.533929903057423,0.0,0.0,45.45454545454545,22.727272727272727,9.090909090909092,50.0,40.0,0.0,0.0,0.0,0.0,0.0,0.0,0.0,0.0,0.0,0.0,9.818291641244661
Himmat Singh,,Batter,LSG,YES,49.0,948.0,715.0,0.0,33.0,16.0,28.727272727272727,132.5874125874126,19.346938775510203,14.591836734693878,0.0,8.0,5.0,1.0,77.0,5.0,4.0,78.0,41.0,119.0,558.0,58.860759493670884,16.643356643356643,1.5918367346938775,0.8367346938775511,1.9024390243902438,9.166666666666666,17.4390243902439,6.008403361344538,390.0,596.0,65.43624161073825,162.0,22.75058275058275,0.0,0.0,16.3265306122449,10.204081632653061,2.0408163265306123,62.5,20.0,0.0,0.0,0.0,0.0,0.0,0.0,0.0,0.0,0.0,0.0,16.673543599257883
Matthew Breetzke,,Batter,LSG,YES,0.0,0.0,0.0,0.0,0.0,0.0,0.0,0.0,0.0,0.0,0.0,0.0,0.0,0.0,0.0,0.0,0.0,0.0,0.0,0.0,0.0,0.0,0.0,0.0,0.0,0.0,0.0,0.0,0.0,0.0,0.0,0.0,0.0,0.0,0.0,0.0,0.0,0.0,0.0,0.0,0.0,0.0,0.0,0.0,0.0,0.0,0.0,0.0,0.0,0.0,0.0,0.0
Rajvardhan Hangargekar,,All-Rounder,LSG,YES,0.0,0.0,0.0,0.0,0.0,0.0,0.0,0.0,0.0,0.0,0.0,0.0,0.0,0.0,0.0,0.0,0.0,0.0,0.0,0.0,0.0,0.0,0.0,0.0,0.0,0.0,0.0,0.0,0.0,0.0,0.0,0.0,0.0,0.0,0.0,0.0,0.0,0.0,0.0,0.0,0.0,0.0,0.0,0.0,0.0,0.0,0.0,0.0,0.0,0.0,0.0,0.0
Yuvraj Chaudhary,,All-Rounder,LSG,YES,0.0,0.0,0.0,0.0,0.0,0.0,0.0,0.0,0.0,0.0,0.0,0.0,0.0,0.0,0.0,0.0,0.0,0.0,0.0,0.0,0.0,0.0,0.0,0.0,0.0,0.0,0.0,0.0,0.0,0.0,0.0,0.0,0.0,0.0,0.0,0.0,0.0,0.0,0.0,0.0,0.0,0.0,0.0,0.0,0.0,0.0,0.0,0.0,0.0,0.0,0.0,0.0
Bevon Jacobs,,Batter,MI,YES,23.0,522.0,377.0,0.0,18.0,5.0,29.0,138.46153846153845,22.695652173913043,16.391304347826086,0.0,9.0,2.0,1.0,90.0,6.0,5.0,34.0,30.0,64.0,316.0,60.53639846743295,16.97612732095491,1.4782608695652173,1.3043478260869565,1.1333333333333333,11.088235294117647,12.566666666666666,5.890625,206.0,313.0,65.814696485623,84.0,22.310639552018863,0.0,0.0,39.130434782608695,8.695652173913043,4.3478260869565215,22.22222222222222,50.0,0.0,0.0,0.0,0.0,0.0,0.0,0.0,0.0,0.0,0.0,8.798929765886289
Robin Minz,,WK-Batter,MI,YES,8.0,73.0,52.0,0.0,6.0,2.0,12.166666666666666,140.3846153846154,9.125,6.5,0.0,2.0,0.0,0.0,36.0,3.0,1.0,8.0,3.0,11.0,50.0,68.4931506849315,21.153846153846153,1.0,0.375,2.6666666666666665,6.5,17.333333333333332,4.7272727272727275,23.0,41.0,56.09756097560975,15.0,29.700854700854702,0.0,0.0,25.0,0.0,0.0,0.0,0.0,0.0,0.0,0.0,0.0,0.0,0.0,0.0,0.0,0.0,0.0,1.2810096153846153
Ryan Rickelton,,WK-Batter,MI,YES,18.0,381.0,284.0,0.0,18.0,0.0,21.166666666666668,134.1549295774648,21.166666666666668,15.777777777777779,0.0,6.0,2.0,1.0,76.0,7.0,5.0,30.0,20.0,50.0,240.0,62.99212598425197,17.6056338028169,1.6666666666666667,1.1111111111111112,1.5,9.466666666666667,14.2,5.68,141.0,234.0,60.256410256410255,77.0,27.230046948356808,0.0,0.0,33.333333333333336,11.11111111111111,5.555555555555555,33.333333333333336,50.0,0.0,0.0,0.0,0.0,0.0,0.0,0.0,0.0,0.0,0.0,5.111302816901409
Shrijith Krishnan,,WK-Batter,MI,YES,0.0,0.0,0.0,0.0,0.0,0.0,0.0,0.0,0.0,0.0,0.0,0.0,0.0,0.0,0.0,0.0,0.0,0.0,0.0,0.0,0.0,0.0,0.0,0.0,0.0,0.0,0.0,0.0,0.0,0.0,0.0,0.0,0.0,0.0,0.0,0.0,0.0,0.0,0.0,0.0,0.0,0.0,0.0,0.0,0.0,0.0,0.0,0.0,0.0,0.0,0.0,0.0
Jacob Bethell,,All-Rounder,RCB,YES,18.0,392.0,252.0,0.0,13.0,5.0,30.153846153846153,155.55555555555554,21.77777777777778,14.0,0.0,5.0,2.0,0.0,62.0,5.0,4.0,27.0,26.0,53.0,264.0,67.34693877551021,21.03174603174603,1.5,1.4444444444444444,1.0384615384615385,9.333333333333334,9.692307692307692,4.754716981132075,128.0,199.0,64.321608040201,56.0,22.530864197530864,0.0,0.0,27.77777777777778,11.11111111111111,0.0,40.0,0.0,0.0,0.0,0.0,0.0,0.0,0.0,0.0,0.0,0.0,0.0,7.791604938271604
Manoj Bhandage,,All-Rounder,RCB,YES,16.0,188.0,145.0,0.0,13.0,3.0,14.461538461538462,129.6551724137931,11.75,9.0625,0.0,0.0,0.0,0.0,41.0,3.0,3.0,9.0,12.0,21.0,108.0,57.4468085106383,14.482758620689655,0.5625,0.75,0.75,16.11111111111111,12.083333333333334,6.904761904761905,80.0,124.0,64.51612903225806,35.0,24.214559386973182,0.0,0.0,0.0,0.0,0.0,0.0,0.0,0.0,0.0,0.0,0.0,0.0,0.0,0.0,0.0,0.0,0.0,2.8945517241379313
Swastik Chhikara,,Batter,RCB,YES,0.0,0.0,0.0,0.0,0.0,0.0,0.0,0.0,0.0,0.0,0.0,0.0,0.0,0.0,0.0,0.0,0.0,0.0,0.0,0.0,0.0,0.0,0.0,0.0,0.0,0.0,0.0,0.0,0.0,0.0,0.0,0.0,0.0,0.0,0.0,0.0,0.0,0.0,0.0,0.0,0.0,0.0,0.0,0.0,0.0,0.0,0.0,0.0,0.0,0.0,0.0,0.0
Kunal Rathore,,WK-Batter,RR,YES,0.0,0.0,0.0,0.0,0.0,0.0,0.0,0.0,0.0,0.0,0.0,0.0,0.0,0.0,0.0,0.0,0.0,0.0,0.0,0.0,0.0,0.0,0.0,0.0,0.0,0.0,0.0,0.0,0.0,0.0,0.0,0.0,0.0,0.0,0.0,0.0,0.0,0.0,0.0,0.0,0.0,0.0,0.0,0.0,0.0,0.0,0.0,0.0,0.0,0.0,0.0,0.0
Lhuan-dre Pretorius,,Batter,RR,YES,0.0,0.0,0.0,0.0,0.0,0.0,0.0,0.0,0.0,0.0,0.0,0.0,0.0,0.0,0.0,0.0,0.0,0.0,0.0,0.0,0.0,0.0,0.0,0.0,0.0,0.0,0.0,0.0,0.0,0.0,0.0,0.0,0.0,0.0,0.0,0.0,0.0,0.0,0.0,0.0,0.0,0.0,0.0,0.0,0.0,0.0,0.0,0.0,0.0,0.0,0.0,0.0
Vaibhav Suryavanshi,,Batter,RR,YES,7.0,279.0,117.0,0.0,7.0,0.0,39.857142857142854,238.46153846153845,39.857142857142854,16.714285714285715,0.0,4.0,1.0,1.0,144.0,8.0,7.0,21.0,27.0,48.0,246.0,88.17204301075269,41.02564102564103,3.0,3.857142857142857,0.7777777777777778,5.571428571428571,4.333333333333333,2.4375,33.0,69.0,47.82608695652174,32.0,27.635327635327638,0.0,0.0,57.142857142857146,14.285714285714286,14.285714285714286,25.0,100.0,0.0,0.0,0.0,0.0,0.0,0.0,0.0,0.0,0.0,0.0,6.653076923076924
Aniket Verma,,Batter,SRH,YES,0.0,0.0,0.0,0.0,0.0,0.0,0.0,0.0,0.0,0.0,0.0,0.0,0.0,0.0,0.0,0.0,0.0,0.0,0.0,0.0,0.0,0.0,0.0,0.0,0.0,0.0,0.0,0.0,0.0,0.0,0.0,0.0,0.0,0.0,0.0,0.0,0.0,0.0,0.0,0.0,0.0,0.0,0.0,0.0,0.0,0.0,0.0,0.0,0.0,0.0,0.0,0.0
Brydon Carse,,All-Rounder,SRH,YES,64.0,792.0,569.0,0.0,46.0,18.0,17.217391304347824,139.19156414762742,12.375,8.890625,0.0,5.0,2.0,0.0,58.0,4.0,4.0,47.0,34.0,81.0,392.0,49.494949494949495,14.235500878734623,0.734375,0.53125,1.3823529411764706,12.106382978723405,16.735294117647058,7.0246913580246915,400.0,488.0,81.9672131147541,43.0,7.6547549306776,0.0,0.0,7.8125,3.125,0.0,40.0,0.0,0.0,0.0,0.0,0.0,0.0,0.0,0.0,0.0,0.0,0.0,14.124463971880495
Harsh Dubey,,All-Rounder,SRH,YES,10.0,130.0,109.0,0.0,7.0,3.0,18.571428571428573,119.26605504587155,13.0,10.9,0.0,3.0,1.0,0.0,53.0,3.0,1.0,14.0,3.0,17.0,74.0,56.92307692307692,15.596330275229358,1.4,0.3,4.666666666666667,7.785714285714286,36.333333333333336,6.411764705882353,56.0,92.0,60.869565217391305,29.0,27.319062181447503,0.0,0.0,30.0,10.0,0.0,33.333333333333336,0.0,0.0,0.0,0.0,0.0,0.0,0.0,0.0,0.0,0.0,0.0,2.0155963302752293
Kamindu Mendis,,All-Rounder,SRH,YES,0.0,0.0,0.0,0.0,0.0,0.0,0.0,0.0,0.0,0.0,0.0,0.0,0.0,0.0,0.0,0.0,0.0,0.0,0.0,0.0,0.0,0.0,0.0,0.0,0.0,0.0,0.0,0.0,0.0,0.0,0.0,0.0,0.0,0.0,0.0,0.0,0.0,0.0,0.0,0.0,0.0,0.0,0.0,0.0,0.0,0.0,0.0,0.0,0.0,0.0,0.0,0.0
Smaran Ravichandran,,Batter,SRH,YES,7.0,237.0,141.0,0.0,6.0,1.0,39.5,168.08510638297872,33.857142857142854,20.142857142857142,0.0,4.0,2.0,0.0,67.0,4.0,3.0,20.0,14.0,34.0,164.0,69.19831223628692,24.113475177304963,2.857142857142857,2.0,1.4285714285714286,7.05,10.071428571428571,4.147058823529412,73.0,107.0,68.22429906542057,25.0,18.360914105594954,0.0,0.0,57.142857142857146,28.571428571428573,0.0,50.0,0.0,0.0,0.0,0.0,0.0,0.0,0.0,0.0,0.0,0.0,0.0,4.552705167173253
Wiaan Mulder,,All-Rounder,SRH,YES,0.0,0.0,0.0,0.0,0.0,0.0,0.0,0.0,0.0,0.0,0.0,0.0,0.0,0.0,0.0,0.0,0.0,0.0,0.0,0.0,0.0,0.0,0.0,0.0,0.0,0.0,0.0,0.0,0.0,0.0,0.0,0.0,0.0,0.0,0.0,0.0,0.0,0.0,0.0,0.0,0.0,0.0,0.0,0.0,0.0,0.0,0.0,0.0,0.0,0.0,0.0,0.0
Aaron Hardie,,All-Rounder,PK,YES,0.0,0.0,0.0,0.0,0.0,0.0,0.0,0.0,0.0,0.0,0.0,0.0,0.0,0.0,0.0,0.0,0.0,0.0,0.0,0.0,0.0,0.0,0.0,0.0,0.0,0.0,0.0,0.0,0.0,0.0,0.0,0.0,0.0,0.0,0.0,0.0,0.0,0.0,0.0,0.0,0.0,0.0,0.0,0.0,0.0,0.0,0.0,0.0,0.0,0.0,0.0,0.0
Harnoor Pannu,,Batter,PK,YES,5.0,50.0,56.0,0.0,5.0,0.0,10.0,89.28571428571429,10.0,11.2,0.0,0.0,0.0,0.0,27.0,0.0,2.0,1.0,5.0,6.0,34.0,68.0,10.714285714285714,0.2,1.0,0.2,56.0,11.2,9.333333333333334,16.0,50.0,32.0,32.0,57.53968253968254,0.0,0.0,0.0,0.0,0.0,0.0,0.0,0.0,0.0,0.0,0.0,0.0,0.0,0.0,0.0,0.0,0.0,0.44642857142857145
Josh Inglis,,WK-Batter,PK,YES,11.0,278.0,171.0,0.0,9.0,2.0,30.88888888888889,162.57309941520467,25.272727272727273,15.545454545454545,0.0,5.0,1.0,1.0,73.0,0.0,0.0,26.0,16.0,42.0,200.0,71.94244604316546,24.56140350877193,2.3636363636363638,1.4545454545454546,1.625,6.576923076923077,10.6875,4.071428571428571,78.0,129.0,60.46511627906977,42.0,24.75633528265107,0.0,0.0,45.45454545454545,9.090909090909092,9.090909090909092,20.0,100.0,0.0,0.0,0.0,0.0,0.0,0.0,0.0,0.0,0.0,0.0,5.341265284423178
Mitch Owen,,Batter,PK,YES,0.0,0.0,0.0,0.0,0.0,0.0,0.0,0.0,0.0,0.0,0.0,0.0,0.0,0.0,0.0,0.0,0.0,0.0,0.0,0.0,0.0,0.0,0.0,0.0,0.0,0.0,0.0,0.0,0.0,0.0,0.0,0.0,0.0,0.0,0.0,0.0,0.0,0.0,0.0,0.0,0.0,0.0,0.0,0.0,0.0,0.0,0.0,0.0,0.0,0.0,0.0,0.0
Musheer Khan,,All-Rounder,PK,YES,0.0,0.0,0.0,0.0,0.0,0.0,0.0,0.0,0.0,0.0,0.0,0.0,0.0,0.0,0.0,0.0,0.0,0.0,0.0,0.0,0.0,0.0,0.0,0.0,0.0,0.0,0.0,0.0,0.0,0.0,0.0,0.0,0.0,0.0,0.0,0.0,0.0,0.0,0.0,0.0,0.0,0.0,0.0,0.0,0.0,0.0,0.0,0.0,0.0,0.0,0.0,0.0
Priyansh Arya,,All-Rounder,PK,YES,24.0,694.0,432.0,0.0,23.0,1.0,30.17391304347826,160.64814814814815,28.916666666666668,18.0,0.0,10.0,3.0,2.0,101.0,0.0,7.0,5.0,69.0,74.0,434.0,62.53602305475504,17.12962962962963,0.20833333333333334,2.875,0.07246376811594203,86.4,6.260869565217392,5.837837837837838,260.0,358.0,72.62569832402235,69.0,15.997942386831282,0.0,0.0,41.666666666666664,12.5,8.333333333333334,30.0,66.66666666666667,0.0,0.0,0.0,0.0,0.0,0.0,0.0,0.0,0.0,0.0,11.61352237654321
Pyla Avinash,,Batter,PK,YES,7.0,83.0,77.0,0.0,6.0,1.0,13.833333333333334,107.79220779220779,11.857142857142858,11.0,0.0,1.0,1.0,0.0,55.0,0.0,3.0,2.0,5.0,7.0,38.0,45.78313253012048,9.090909090909092,0.2857142857142857,0.7142857142857143,0.4,38.5,15.4,11.0,45.0,70.0,64.28571428571429,20.0,25.974025974025974,0.0,0.0,14.285714285714286,14.285714285714286,0.0,100.0,0.0,0.0,0.0,0.0,0.0,0.0,0.0,0.0,0.0,0.0,0.0,1.0224860853432283
Suryansh Shedge,,All-Rounder,PK,YES,12.0,138.0,63.0,0.0,6.0,6.0,23.0,219.04761904761904,11.5,5.25,0.0,2.0,0.0,0.0,36.0,0.0,2.0,3.0,7.0,10.0,54.0,39.130434782608695,15.873015873015873,0.25,0.5833333333333334,0.42857142857142855,21.0,9.0,6.3,84.0,53.0,158.49056603773585,0.0,0.0,0.0,0.0,16.666666666666668,0.0,0.0,0.0,0.0,0.0,0.0,0.0,0.0,0.0,0.0,0.0,0.0,0.0,0.0,4.534285714285715
